k,range_days,median_sharpe,min_sharpe,positive,median_cagr,worst_dd,trades_per_year,cost_drag,median_trades,killed,spec_hash
0.3,1,-0.6096802062257471,-1.4084325552989925,0.1,-0.5725289344163311,-0.9998910649021968,423.0889207851983,0.6770942602033456,2227.0,0.0,dfaaeba6819a3064
0.3,2,-0.3143486317671119,-0.8781072380673263,0.3,-0.39761771698250153,-0.996614808181652,324.76894021643875,0.5197925930538821,1708.0,0.0,c0671a5be8cc8074
0.3,4,-0.3216230665913319,-0.6735221598280711,0.3,-0.3492307812085298,-0.9883749633210865,210.62600734106815,0.3371531989055679,1108.5,0.0,9580ad1ded321c5c
0.5,1,-0.2323320140989953,-0.8218818069053933,0.3,-0.29896651638246535,-0.9958874119451807,304.73214789678065,0.4877208342472755,1612.5,0.0,9af758e17a1a659b
0.5,2,-0.07359657737520661,-0.5522261213348167,0.5,-0.17675621830732346,-0.9728748046799576,195.47480244545721,0.31291003405674245,1023.0,0.0,7abba73226e3d95e
0.5,4,0.1289850218309321,-0.15316711945177772,0.8,-0.04457036046471968,-0.8959419806144034,100.73938600793146,0.16125674188257533,528.0,0.0,7bca6c73d93ac364
0.7,1,-0.0648492151906748,-0.7224838237786058,0.4,-0.20611919607320434,-0.9889704913794397,222.26034807278273,0.3557681440763113,1173.0,0.0,b1b5170f26f69874
0.7,2,0.10055206726607503,-0.15470335271056912,0.8,-0.08078942638854553,-0.8779337124772575,121.70837401185771,0.19488625038005475,637.0,0.0,42eb9694662acb9e
0.7,4,0.04844603291216849,-0.348032724000071,0.5,-0.040709980042475946,-0.7956698476580653,52.6803612405584,0.08436230225477842,268.5,0.0,38a56fbf236ad00d
