ts,idea,version,stage,kind,label,spec_hash,timeframe,metric,observations,window,spec
2026-10-02T14:01:50Z,i001,1,feasibility,grid,breakout_bracket grid 4h,463120f3d15be049,4h,0.139100383009521,,"full history 2019-2026, holdout included (pre-journal)","{""allow_short"": true, ""atr_length"": 14, ""cooldown_loss"": 5, ""cooldown_win"": 20, ""kill_drawdown"": 0.5, ""lookback"": 48, ""rsi_length"": 30, ""rsi_level"": 50.0, ""stop_atr"": 1.5, ""target_atr"": 6, ""type"": ""breakout_bracket""}"
2026-10-02T14:01:50Z,i001,1,feasibility,grid,breakout_bracket grid 4h,d9dae12fb78696bc,4h,0.0677314603297362,,"full history 2019-2026, holdout included (pre-journal)","{""allow_short"": true, ""atr_length"": 30, ""cooldown_loss"": 5, ""cooldown_win"": 20, ""kill_drawdown"": 0.5, ""lookback"": 48, ""rsi_length"": 30, ""rsi_level"": 50.0, ""stop_atr"": 1.0, ""target_atr"": 8, ""type"": ""breakout_bracket""}"
2026-10-02T14:01:50Z,i001,1,feasibility,grid,breakout_bracket grid 4h,8213ec679e924747,4h,0.0561686470100676,,"full history 2019-2026, holdout included (pre-journal)","{""allow_short"": true, ""atr_length"": 30, ""cooldown_loss"": 5, ""cooldown_win"": 20, ""kill_drawdown"": 0.5, ""lookback"": 48, ""rsi_length"": 30, ""rsi_level"": 50.0, ""stop_atr"": 1.5, ""target_atr"": 6, ""type"": ""breakout_bracket""}"
2026-10-02T14:01:50Z,i001,1,feasibility,grid,breakout_bracket grid 4h,f8561ce64361dfd2,4h,0.0491014487872295,,"full history 2019-2026, holdout included (pre-journal)","{""allow_short"": true, ""atr_length"": 14, ""cooldown_loss"": 5, ""cooldown_win"": 20, ""kill_drawdown"": 0.5, ""lookback"": 48, ""rsi_length"": 30, ""rsi_level"": 50.0, ""stop_atr"": 1.5, ""target_atr"": 8, ""type"": ""breakout_bracket""}"
2026-10-02T14:01:50Z,i001,1,feasibility,grid,breakout_bracket grid 4h,6e1320c2f198b988,4h,-0.0077860050423761,,"full history 2019-2026, holdout included (pre-journal)","{""allow_short"": true, ""atr_length"": 30, ""cooldown_loss"": 5, ""cooldown_win"": 20, ""kill_drawdown"": 0.5, ""lookback"": 48, ""rsi_length"": 30, ""rsi_level"": 50.0, ""stop_atr"": 1.5, ""target_atr"": 8, ""type"": ""breakout_bracket""}"
2026-10-02T14:01:50Z,i001,1,feasibility,grid,breakout_bracket grid 4h,6042d823ad38e4ee,4h,-0.0077891182703067,,"full history 2019-2026, holdout included (pre-journal)","{""allow_short"": true, ""atr_length"": 14, ""cooldown_loss"": 5, ""cooldown_win"": 20, ""kill_drawdown"": 0.5, ""lookback"": 48, ""rsi_length"": 30, ""rsi_level"": 50.0, ""stop_atr"": 1.5, ""target_atr"": 3, ""type"": ""breakout_bracket""}"
2026-10-02T14:01:50Z,i001,1,feasibility,grid,breakout_bracket grid 4h,31bfd97153bdf131,4h,-0.0239798453593925,,"full history 2019-2026, holdout included (pre-journal)","{""allow_short"": true, ""atr_length"": 14, ""cooldown_loss"": 5, ""cooldown_win"": 20, ""kill_drawdown"": 0.5, ""lookback"": 48, ""rsi_length"": 30, ""rsi_level"": 50.0, ""stop_atr"": 1.0, ""target_atr"": 8, ""type"": ""breakout_bracket""}"
2026-10-02T14:01:50Z,i001,1,feasibility,grid,breakout_bracket grid 4h,87b2e7a091f5baca,4h,-0.0335731700031827,,"full history 2019-2026, holdout included (pre-journal)","{""allow_short"": true, ""atr_length"": 30, ""cooldown_loss"": 5, ""cooldown_win"": 20, ""kill_drawdown"": 0.5, ""lookback"": 48, ""rsi_length"": 30, ""rsi_level"": 50.0, ""stop_atr"": 3.0, ""target_atr"": 6, ""type"": ""breakout_bracket""}"
2026-10-02T14:01:50Z,i001,1,feasibility,grid,breakout_bracket grid 4h,e010d2b7a742d0aa,4h,-0.048034169761919,,"full history 2019-2026, holdout included (pre-journal)","{""allow_short"": true, ""atr_length"": 30, ""cooldown_loss"": 5, ""cooldown_win"": 20, ""kill_drawdown"": 0.5, ""lookback"": 48, ""rsi_length"": 30, ""rsi_level"": 50.0, ""stop_atr"": 3.0, ""target_atr"": 8, ""type"": ""breakout_bracket""}"
2026-10-02T14:01:50Z,i001,1,feasibility,grid,breakout_bracket grid 4h,1763b963063f918a,4h,-0.0574504313495327,,"full history 2019-2026, holdout included (pre-journal)","{""allow_short"": true, ""atr_length"": 30, ""cooldown_loss"": 5, ""cooldown_win"": 20, ""kill_drawdown"": 0.5, ""lookback"": 48, ""rsi_length"": 30, ""rsi_level"": 50.0, ""stop_atr"": 1.5, ""target_atr"": 2, ""type"": ""breakout_bracket""}"
2026-10-02T14:01:50Z,i001,1,feasibility,grid,breakout_bracket grid 4h,31cbd9fd10da8af3,4h,-0.0637554446285181,,"full history 2019-2026, holdout included (pre-journal)","{""allow_short"": true, ""atr_length"": 14, ""cooldown_loss"": 5, ""cooldown_win"": 20, ""kill_drawdown"": 0.5, ""lookback"": 48, ""rsi_length"": 30, ""rsi_level"": 50.0, ""stop_atr"": 3.0, ""target_atr"": 8, ""type"": ""breakout_bracket""}"
2026-10-02T14:01:50Z,i001,1,feasibility,grid,breakout_bracket grid 4h,42f142706af09677,4h,-0.0645840185981491,,"full history 2019-2026, holdout included (pre-journal)","{""allow_short"": true, ""atr_length"": 14, ""cooldown_loss"": 5, ""cooldown_win"": 20, ""kill_drawdown"": 0.5, ""lookback"": 48, ""rsi_length"": 30, ""rsi_level"": 50.0, ""stop_atr"": 1.0, ""target_atr"": 6, ""type"": ""breakout_bracket""}"
2026-10-02T14:01:50Z,i001,1,feasibility,grid,breakout_bracket grid 4h,a498094dbb43380a,4h,-0.0647016927788323,,"full history 2019-2026, holdout included (pre-journal)","{""allow_short"": true, ""atr_length"": 30, ""cooldown_loss"": 5, ""cooldown_win"": 20, ""kill_drawdown"": 0.5, ""lookback"": 48, ""rsi_length"": 30, ""rsi_level"": 50.0, ""stop_atr"": 1.5, ""target_atr"": 4, ""type"": ""breakout_bracket""}"
2026-10-02T14:01:50Z,i001,1,feasibility,grid,breakout_bracket grid 4h,745084f5c3cdddfa,4h,-0.0664850079512374,,"full history 2019-2026, holdout included (pre-journal)","{""allow_short"": true, ""atr_length"": 30, ""cooldown_loss"": 5, ""cooldown_win"": 20, ""kill_drawdown"": 0.5, ""lookback"": 48, ""rsi_length"": 30, ""rsi_level"": 50.0, ""stop_atr"": 1.0, ""target_atr"": 6, ""type"": ""breakout_bracket""}"
2026-10-02T14:01:50Z,i001,1,feasibility,grid,breakout_bracket grid 4h,0d8bee761ec56088,4h,-0.0929371144616601,,"full history 2019-2026, holdout included (pre-journal)","{""allow_short"": true, ""atr_length"": 14, ""cooldown_loss"": 5, ""cooldown_win"": 20, ""kill_drawdown"": 0.5, ""lookback"": 48, ""rsi_length"": 30, ""rsi_level"": 50.0, ""stop_atr"": 2.0, ""target_atr"": 2, ""type"": ""breakout_bracket""}"
2026-10-02T14:01:50Z,i001,1,feasibility,grid,breakout_bracket grid 4h,a99bdb2cb94ce31b,4h,-0.1071131983757959,,"full history 2019-2026, holdout included (pre-journal)","{""allow_short"": true, ""atr_length"": 30, ""cooldown_loss"": 5, ""cooldown_win"": 20, ""kill_drawdown"": 0.5, ""lookback"": 48, ""rsi_length"": 30, ""rsi_level"": 50.0, ""stop_atr"": 4.0, ""target_atr"": 8, ""type"": ""breakout_bracket""}"
2026-10-02T14:01:50Z,i001,1,feasibility,grid,breakout_bracket grid 4h,e9d3f4a799c5d686,4h,-0.1121950835803242,,"full history 2019-2026, holdout included (pre-journal)","{""allow_short"": true, ""atr_length"": 30, ""cooldown_loss"": 5, ""cooldown_win"": 20, ""kill_drawdown"": 0.5, ""lookback"": 48, ""rsi_length"": 30, ""rsi_level"": 50.0, ""stop_atr"": 2.0, ""target_atr"": 8, ""type"": ""breakout_bracket""}"
2026-10-02T14:01:50Z,i001,1,feasibility,grid,breakout_bracket grid 4h,8be6aa769f03b9f3,4h,-0.1263978765359303,,"full history 2019-2026, holdout included (pre-journal)","{""allow_short"": true, ""atr_length"": 14, ""cooldown_loss"": 5, ""cooldown_win"": 20, ""kill_drawdown"": 0.5, ""lookback"": 48, ""rsi_length"": 30, ""rsi_level"": 50.0, ""stop_atr"": 4.0, ""target_atr"": 2, ""type"": ""breakout_bracket""}"
2026-10-02T14:01:50Z,i001,1,feasibility,grid,breakout_bracket grid 4h,1339da858f2751ee,4h,-0.1311689739141469,,"full history 2019-2026, holdout included (pre-journal)","{""allow_short"": true, ""atr_length"": 14, ""cooldown_loss"": 5, ""cooldown_win"": 20, ""kill_drawdown"": 0.5, ""lookback"": 48, ""rsi_length"": 30, ""rsi_level"": 50.0, ""stop_atr"": 2.0, ""target_atr"": 6, ""type"": ""breakout_bracket""}"
2026-10-02T14:01:50Z,i001,1,feasibility,grid,breakout_bracket grid 4h,1e44d80f7b258711,4h,-0.1353553474260073,,"full history 2019-2026, holdout included (pre-journal)","{""allow_short"": true, ""atr_length"": 30, ""cooldown_loss"": 5, ""cooldown_win"": 20, ""kill_drawdown"": 0.5, ""lookback"": 48, ""rsi_length"": 30, ""rsi_level"": 50.0, ""stop_atr"": 2.0, ""target_atr"": 6, ""type"": ""breakout_bracket""}"
2026-10-02T14:01:50Z,i001,1,feasibility,grid,breakout_bracket grid 4h,19afee06a0c7af37,4h,-0.1368198412674365,,"full history 2019-2026, holdout included (pre-journal)","{""allow_short"": true, ""atr_length"": 14, ""cooldown_loss"": 5, ""cooldown_win"": 20, ""kill_drawdown"": 0.5, ""lookback"": 48, ""rsi_length"": 30, ""rsi_level"": 50.0, ""stop_atr"": 1.5, ""target_atr"": 2, ""type"": ""breakout_bracket""}"
2026-10-02T14:01:50Z,i001,1,feasibility,grid,breakout_bracket grid 4h,f007e173a484197a,4h,-0.1391266920340038,,"full history 2019-2026, holdout included (pre-journal)","{""allow_short"": true, ""atr_length"": 30, ""cooldown_loss"": 5, ""cooldown_win"": 20, ""kill_drawdown"": 0.5, ""lookback"": 48, ""rsi_length"": 30, ""rsi_level"": 50.0, ""stop_atr"": 1.5, ""target_atr"": 3, ""type"": ""breakout_bracket""}"
2026-10-02T14:01:50Z,i001,1,feasibility,grid,breakout_bracket grid 4h,f9f51cec711c3712,4h,-0.1391530069779482,,"full history 2019-2026, holdout included (pre-journal)","{""allow_short"": true, ""atr_length"": 14, ""cooldown_loss"": 5, ""cooldown_win"": 20, ""kill_drawdown"": 0.5, ""lookback"": 48, ""rsi_length"": 30, ""rsi_level"": 50.0, ""stop_atr"": 1.5, ""target_atr"": 4, ""type"": ""breakout_bracket""}"
2026-10-02T14:01:50Z,i001,1,feasibility,grid,breakout_bracket grid 4h,d97f6b6b58cd2674,4h,-0.1466164889763115,,"full history 2019-2026, holdout included (pre-journal)","{""allow_short"": true, ""atr_length"": 14, ""cooldown_loss"": 5, ""cooldown_win"": 20, ""kill_drawdown"": 0.5, ""lookback"": 48, ""rsi_length"": 30, ""rsi_level"": 50.0, ""stop_atr"": 2.0, ""target_atr"": 8, ""type"": ""breakout_bracket""}"
2026-10-02T14:01:50Z,i001,1,feasibility,grid,breakout_bracket grid 4h,08e3ee658b31f82b,4h,-0.1467745054188037,,"full history 2019-2026, holdout included (pre-journal)","{""allow_short"": true, ""atr_length"": 30, ""cooldown_loss"": 5, ""cooldown_win"": 20, ""kill_drawdown"": 0.5, ""lookback"": 48, ""rsi_length"": 30, ""rsi_level"": 50.0, ""stop_atr"": 2.0, ""target_atr"": 4, ""type"": ""breakout_bracket""}"
2026-10-02T14:01:50Z,i001,1,feasibility,grid,breakout_bracket grid 4h,13d15c71a8b7d8f1,4h,-0.1471207634397216,,"full history 2019-2026, holdout included (pre-journal)","{""allow_short"": true, ""atr_length"": 30, ""cooldown_loss"": 5, ""cooldown_win"": 20, ""kill_drawdown"": 0.5, ""lookback"": 48, ""rsi_length"": 30, ""rsi_level"": 50.0, ""stop_atr"": 1.0, ""target_atr"": 3, ""type"": ""breakout_bracket""}"
2026-10-02T14:01:50Z,i001,1,feasibility,grid,breakout_bracket grid 4h,8c90f8466ed59eff,4h,-0.1471772141344458,,"full history 2019-2026, holdout included (pre-journal)","{""allow_short"": true, ""atr_length"": 14, ""cooldown_loss"": 5, ""cooldown_win"": 20, ""kill_drawdown"": 0.5, ""lookback"": 48, ""rsi_length"": 30, ""rsi_level"": 50.0, ""stop_atr"": 1.0, ""target_atr"": 4, ""type"": ""breakout_bracket""}"
2026-10-02T14:01:50Z,i001,1,feasibility,grid,breakout_bracket grid 4h,0563ffdfd71b278b,4h,-0.1582353435845324,,"full history 2019-2026, holdout included (pre-journal)","{""allow_short"": true, ""atr_length"": 30, ""cooldown_loss"": 5, ""cooldown_win"": 20, ""kill_drawdown"": 0.5, ""lookback"": 48, ""rsi_length"": 30, ""rsi_level"": 50.0, ""stop_atr"": 1.0, ""target_atr"": 2, ""type"": ""breakout_bracket""}"
2026-10-02T14:01:50Z,i001,1,feasibility,grid,breakout_bracket grid 4h,60fbb4b2c74e3358,4h,-0.1641686074362039,,"full history 2019-2026, holdout included (pre-journal)","{""allow_short"": true, ""atr_length"": 14, ""cooldown_loss"": 5, ""cooldown_win"": 20, ""kill_drawdown"": 0.5, ""lookback"": 48, ""rsi_length"": 30, ""rsi_level"": 50.0, ""stop_atr"": 4.0, ""target_atr"": 8, ""type"": ""breakout_bracket""}"
2026-10-02T14:01:50Z,i001,1,feasibility,grid,breakout_bracket grid 4h,7d69be57e40ac3d5,4h,-0.1677852517198401,,"full history 2019-2026, holdout included (pre-journal)","{""allow_short"": true, ""atr_length"": 30, ""cooldown_loss"": 5, ""cooldown_win"": 20, ""kill_drawdown"": 0.5, ""lookback"": 48, ""rsi_length"": 30, ""rsi_level"": 50.0, ""stop_atr"": 4.0, ""target_atr"": 2, ""type"": ""breakout_bracket""}"
2026-10-02T14:01:50Z,i001,1,feasibility,grid,breakout_bracket grid 4h,bb7ba69ec5ad53e7,4h,-0.1680637208821284,,"full history 2019-2026, holdout included (pre-journal)","{""allow_short"": true, ""atr_length"": 30, ""cooldown_loss"": 5, ""cooldown_win"": 20, ""kill_drawdown"": 0.5, ""lookback"": 48, ""rsi_length"": 30, ""rsi_level"": 50.0, ""stop_atr"": 1.0, ""target_atr"": 4, ""type"": ""breakout_bracket""}"
2026-10-02T14:01:50Z,i001,1,feasibility,grid,breakout_bracket grid 4h,8d8278b024f03161,4h,-0.1698458932145121,,"full history 2019-2026, holdout included (pre-journal)","{""allow_short"": true, ""atr_length"": 14, ""cooldown_loss"": 5, ""cooldown_win"": 20, ""kill_drawdown"": 0.5, ""lookback"": 48, ""rsi_length"": 30, ""rsi_level"": 50.0, ""stop_atr"": 2.0, ""target_atr"": 3, ""type"": ""breakout_bracket""}"
2026-10-02T14:01:50Z,i001,1,feasibility,grid,breakout_bracket grid 4h,4c64facc3b5d8d91,4h,-0.1748066859184057,,"full history 2019-2026, holdout included (pre-journal)","{""allow_short"": true, ""atr_length"": 14, ""cooldown_loss"": 5, ""cooldown_win"": 20, ""kill_drawdown"": 0.5, ""lookback"": 48, ""rsi_length"": 30, ""rsi_level"": 50.0, ""stop_atr"": 1.0, ""target_atr"": 3, ""type"": ""breakout_bracket""}"
2026-10-02T14:01:50Z,i001,1,feasibility,grid,breakout_bracket grid 4h,34c2e47d77708b9c,4h,-0.175169239043302,,"full history 2019-2026, holdout included (pre-journal)","{""allow_short"": true, ""atr_length"": 30, ""cooldown_loss"": 5, ""cooldown_win"": 20, ""kill_drawdown"": 0.5, ""lookback"": 48, ""rsi_length"": 30, ""rsi_level"": 50.0, ""stop_atr"": 4.0, ""target_atr"": 3, ""type"": ""breakout_bracket""}"
2026-10-02T14:01:50Z,i001,1,feasibility,grid,breakout_bracket grid 4h,3fa95e2e7247d692,4h,-0.1872284962610018,,"full history 2019-2026, holdout included (pre-journal)","{""allow_short"": true, ""atr_length"": 14, ""cooldown_loss"": 5, ""cooldown_win"": 20, ""kill_drawdown"": 0.5, ""lookback"": 48, ""rsi_length"": 30, ""rsi_level"": 50.0, ""stop_atr"": 2.0, ""target_atr"": 4, ""type"": ""breakout_bracket""}"
2026-10-02T14:01:50Z,i001,1,feasibility,grid,breakout_bracket grid 4h,0d2add8a6693397a,4h,-0.1916136167277644,,"full history 2019-2026, holdout included (pre-journal)","{""allow_short"": true, ""atr_length"": 14, ""cooldown_loss"": 5, ""cooldown_win"": 20, ""kill_drawdown"": 0.5, ""lookback"": 48, ""rsi_length"": 30, ""rsi_level"": 50.0, ""stop_atr"": 3.0, ""target_atr"": 6, ""type"": ""breakout_bracket""}"
2026-10-02T14:01:50Z,i001,1,feasibility,grid,breakout_bracket grid 4h,39df5a4c3f10b1a4,4h,-0.2078017856426081,,"full history 2019-2026, holdout included (pre-journal)","{""allow_short"": true, ""atr_length"": 14, ""cooldown_loss"": 5, ""cooldown_win"": 20, ""kill_drawdown"": 0.5, ""lookback"": 48, ""rsi_length"": 30, ""rsi_level"": 50.0, ""stop_atr"": 3.0, ""target_atr"": 4, ""type"": ""breakout_bracket""}"
2026-10-02T14:01:50Z,i001,1,feasibility,grid,breakout_bracket grid 4h,c84519bda88f5ea1,4h,-0.2084447236211297,,"full history 2019-2026, holdout included (pre-journal)","{""allow_short"": true, ""atr_length"": 30, ""cooldown_loss"": 5, ""cooldown_win"": 20, ""kill_drawdown"": 0.5, ""lookback"": 48, ""rsi_length"": 30, ""rsi_level"": 50.0, ""stop_atr"": 3.0, ""target_atr"": 4, ""type"": ""breakout_bracket""}"
2026-10-02T14:01:50Z,i001,1,feasibility,grid,breakout_bracket grid 4h,7ed51bd475860348,4h,-0.2179328369078045,,"full history 2019-2026, holdout included (pre-journal)","{""allow_short"": true, ""atr_length"": 14, ""cooldown_loss"": 5, ""cooldown_win"": 20, ""kill_drawdown"": 0.5, ""lookback"": 48, ""rsi_length"": 30, ""rsi_level"": 50.0, ""stop_atr"": 1.0, ""target_atr"": 2, ""type"": ""breakout_bracket""}"
2026-10-02T14:01:50Z,i001,1,feasibility,grid,breakout_bracket grid 4h,8a360dc6e91eace2,4h,-0.2213473855232041,,"full history 2019-2026, holdout included (pre-journal)","{""allow_short"": true, ""atr_length"": 30, ""cooldown_loss"": 5, ""cooldown_win"": 20, ""kill_drawdown"": 0.5, ""lookback"": 48, ""rsi_length"": 30, ""rsi_level"": 50.0, ""stop_atr"": 4.0, ""target_atr"": 6, ""type"": ""breakout_bracket""}"
2026-10-02T14:01:50Z,i001,1,feasibility,grid,breakout_bracket grid 4h,8db1b951ee01ceb0,4h,-0.2364177264045189,,"full history 2019-2026, holdout included (pre-journal)","{""allow_short"": true, ""atr_length"": 30, ""cooldown_loss"": 5, ""cooldown_win"": 20, ""kill_drawdown"": 0.5, ""lookback"": 48, ""rsi_length"": 30, ""rsi_level"": 50.0, ""stop_atr"": 4.0, ""target_atr"": 4, ""type"": ""breakout_bracket""}"
2026-10-02T14:01:50Z,i001,1,feasibility,grid,breakout_bracket grid 4h,041926cf51b2fea8,4h,-0.2576023178702785,,"full history 2019-2026, holdout included (pre-journal)","{""allow_short"": true, ""atr_length"": 14, ""cooldown_loss"": 5, ""cooldown_win"": 20, ""kill_drawdown"": 0.5, ""lookback"": 48, ""rsi_length"": 30, ""rsi_level"": 50.0, ""stop_atr"": 3.0, ""target_atr"": 3, ""type"": ""breakout_bracket""}"
2026-10-02T14:01:50Z,i001,1,feasibility,grid,breakout_bracket grid 4h,d9b1d61c98623922,4h,-0.2587180152222088,,"full history 2019-2026, holdout included (pre-journal)","{""allow_short"": true, ""atr_length"": 14, ""cooldown_loss"": 5, ""cooldown_win"": 20, ""kill_drawdown"": 0.5, ""lookback"": 48, ""rsi_length"": 30, ""rsi_level"": 50.0, ""stop_atr"": 3.0, ""target_atr"": 2, ""type"": ""breakout_bracket""}"
2026-10-02T14:01:50Z,i001,1,feasibility,grid,breakout_bracket grid 4h,3b4b5901f3cd6d30,4h,-0.2653148796777524,,"full history 2019-2026, holdout included (pre-journal)","{""allow_short"": true, ""atr_length"": 14, ""cooldown_loss"": 5, ""cooldown_win"": 20, ""kill_drawdown"": 0.5, ""lookback"": 48, ""rsi_length"": 30, ""rsi_level"": 50.0, ""stop_atr"": 4.0, ""target_atr"": 3, ""type"": ""breakout_bracket""}"
2026-10-02T14:01:50Z,i001,1,feasibility,grid,breakout_bracket grid 4h,e21770b0497207a0,4h,-0.3114454172311246,,"full history 2019-2026, holdout included (pre-journal)","{""allow_short"": true, ""atr_length"": 14, ""cooldown_loss"": 5, ""cooldown_win"": 20, ""kill_drawdown"": 0.5, ""lookback"": 48, ""rsi_length"": 30, ""rsi_level"": 50.0, ""stop_atr"": 4.0, ""target_atr"": 6, ""type"": ""breakout_bracket""}"
2026-10-02T14:01:50Z,i001,1,feasibility,grid,breakout_bracket grid 4h,249b1db7efa06429,4h,-0.3177226598505385,,"full history 2019-2026, holdout included (pre-journal)","{""allow_short"": true, ""atr_length"": 30, ""cooldown_loss"": 5, ""cooldown_win"": 20, ""kill_drawdown"": 0.5, ""lookback"": 48, ""rsi_length"": 30, ""rsi_level"": 50.0, ""stop_atr"": 2.0, ""target_atr"": 2, ""type"": ""breakout_bracket""}"
2026-10-02T14:01:50Z,i001,1,feasibility,grid,breakout_bracket grid 4h,e78a1dac724f71ef,4h,-0.3267784591891032,,"full history 2019-2026, holdout included (pre-journal)","{""allow_short"": true, ""atr_length"": 30, ""cooldown_loss"": 5, ""cooldown_win"": 20, ""kill_drawdown"": 0.5, ""lookback"": 48, ""rsi_length"": 30, ""rsi_level"": 50.0, ""stop_atr"": 2.0, ""target_atr"": 3, ""type"": ""breakout_bracket""}"
2026-10-02T14:01:50Z,i001,1,feasibility,grid,breakout_bracket grid 4h,ea4b0d2c415699e2,4h,-0.3442859319760766,,"full history 2019-2026, holdout included (pre-journal)","{""allow_short"": true, ""atr_length"": 30, ""cooldown_loss"": 5, ""cooldown_win"": 20, ""kill_drawdown"": 0.5, ""lookback"": 48, ""rsi_length"": 30, ""rsi_level"": 50.0, ""stop_atr"": 3.0, ""target_atr"": 3, ""type"": ""breakout_bracket""}"
2026-10-02T14:01:50Z,i001,1,feasibility,grid,breakout_bracket grid 4h,42312345775dce97,4h,-0.3459177845370861,,"full history 2019-2026, holdout included (pre-journal)","{""allow_short"": true, ""atr_length"": 30, ""cooldown_loss"": 5, ""cooldown_win"": 20, ""kill_drawdown"": 0.5, ""lookback"": 48, ""rsi_length"": 30, ""rsi_level"": 50.0, ""stop_atr"": 3.0, ""target_atr"": 2, ""type"": ""breakout_bracket""}"
2026-10-02T14:01:50Z,i001,1,feasibility,grid,breakout_bracket grid 4h,d306d2d50234d80a,4h,-0.3767597720103012,,"full history 2019-2026, holdout included (pre-journal)","{""allow_short"": true, ""atr_length"": 14, ""cooldown_loss"": 5, ""cooldown_win"": 20, ""kill_drawdown"": 0.5, ""lookback"": 48, ""rsi_length"": 30, ""rsi_level"": 50.0, ""stop_atr"": 4.0, ""target_atr"": 4, ""type"": ""breakout_bracket""}"
2026-10-02T14:01:50Z,i001,1,feasibility,grid,breakout_bracket grid 4h,f4a8739e391510dc,4h,0.2478829643849442,,"full history 2019-2026, holdout included (pre-journal)","{""allow_short"": true, ""atr_length"": 14, ""cooldown_loss"": 5, ""cooldown_win"": 20, ""kill_drawdown"": 1.0, ""lookback"": 48, ""rsi_length"": 30, ""rsi_level"": 50.0, ""stop_atr"": 1.5, ""target_atr"": 4, ""type"": ""breakout_bracket""}"
2026-10-02T14:01:50Z,i001,1,feasibility,grid,breakout_bracket grid 4h,c71f527a2644ab26,4h,0.1508579773114342,,"full history 2019-2026, holdout included (pre-journal)","{""allow_short"": true, ""atr_length"": 30, ""cooldown_loss"": 5, ""cooldown_win"": 20, ""kill_drawdown"": 1.0, ""lookback"": 48, ""rsi_length"": 30, ""rsi_level"": 50.0, ""stop_atr"": 1.0, ""target_atr"": 6, ""type"": ""breakout_bracket""}"
2026-10-02T14:01:50Z,i001,1,feasibility,grid,breakout_bracket grid 4h,e6ba4172ee736eee,4h,0.1503064454140876,,"full history 2019-2026, holdout included (pre-journal)","{""allow_short"": true, ""atr_length"": 30, ""cooldown_loss"": 5, ""cooldown_win"": 20, ""kill_drawdown"": 1.0, ""lookback"": 48, ""rsi_length"": 30, ""rsi_level"": 50.0, ""stop_atr"": 1.5, ""target_atr"": 6, ""type"": ""breakout_bracket""}"
2026-10-02T14:01:50Z,i001,1,feasibility,grid,breakout_bracket grid 4h,983bb909f52faf48,4h,0.1407622528248807,,"full history 2019-2026, holdout included (pre-journal)","{""allow_short"": true, ""atr_length"": 14, ""cooldown_loss"": 5, ""cooldown_win"": 20, ""kill_drawdown"": 1.0, ""lookback"": 48, ""rsi_length"": 30, ""rsi_level"": 50.0, ""stop_atr"": 1.0, ""target_atr"": 4, ""type"": ""breakout_bracket""}"
2026-10-02T14:01:50Z,i001,1,feasibility,grid,breakout_bracket grid 4h,8d3bce759bdec52f,4h,0.1367445667285786,,"full history 2019-2026, holdout included (pre-journal)","{""allow_short"": true, ""atr_length"": 14, ""cooldown_loss"": 5, ""cooldown_win"": 20, ""kill_drawdown"": 1.0, ""lookback"": 48, ""rsi_length"": 30, ""rsi_level"": 50.0, ""stop_atr"": 2.0, ""target_atr"": 2, ""type"": ""breakout_bracket""}"
2026-10-02T14:01:50Z,i001,1,feasibility,grid,breakout_bracket grid 4h,58a4aa731d6f1038,4h,0.0973253142520578,,"full history 2019-2026, holdout included (pre-journal)","{""allow_short"": true, ""atr_length"": 14, ""cooldown_loss"": 5, ""cooldown_win"": 20, ""kill_drawdown"": 1.0, ""lookback"": 48, ""rsi_length"": 30, ""rsi_level"": 50.0, ""stop_atr"": 1.5, ""target_atr"": 6, ""type"": ""breakout_bracket""}"
2026-10-02T14:01:50Z,i001,1,feasibility,grid,breakout_bracket grid 4h,d3edaf84becf1589,4h,0.0856172705168282,,"full history 2019-2026, holdout included (pre-journal)","{""allow_short"": true, ""atr_length"": 30, ""cooldown_loss"": 5, ""cooldown_win"": 20, ""kill_drawdown"": 1.0, ""lookback"": 48, ""rsi_length"": 30, ""rsi_level"": 50.0, ""stop_atr"": 1.5, ""target_atr"": 8, ""type"": ""breakout_bracket""}"
2026-10-02T14:01:50Z,i001,1,feasibility,grid,breakout_bracket grid 4h,89a871eb36c578ac,4h,0.058889237152732,,"full history 2019-2026, holdout included (pre-journal)","{""allow_short"": true, ""atr_length"": 30, ""cooldown_loss"": 5, ""cooldown_win"": 20, ""kill_drawdown"": 1.0, ""lookback"": 48, ""rsi_length"": 30, ""rsi_level"": 50.0, ""stop_atr"": 1.5, ""target_atr"": 4, ""type"": ""breakout_bracket""}"
2026-10-02T14:01:50Z,i001,1,feasibility,grid,breakout_bracket grid 4h,83fda4e623fc743b,4h,0.0528221205442142,,"full history 2019-2026, holdout included (pre-journal)","{""allow_short"": true, ""atr_length"": 14, ""cooldown_loss"": 5, ""cooldown_win"": 20, ""kill_drawdown"": 1.0, ""lookback"": 48, ""rsi_length"": 30, ""rsi_level"": 50.0, ""stop_atr"": 1.0, ""target_atr"": 8, ""type"": ""breakout_bracket""}"
2026-10-02T14:01:50Z,i001,1,feasibility,grid,breakout_bracket grid 4h,3f240e68013c95ba,4h,0.046151890110334,,"full history 2019-2026, holdout included (pre-journal)","{""allow_short"": true, ""atr_length"": 14, ""cooldown_loss"": 5, ""cooldown_win"": 20, ""kill_drawdown"": 1.0, ""lookback"": 48, ""rsi_length"": 30, ""rsi_level"": 50.0, ""stop_atr"": 4.0, ""target_atr"": 8, ""type"": ""breakout_bracket""}"
2026-10-02T14:01:50Z,i001,1,feasibility,grid,breakout_bracket grid 4h,0a7dbe303a7ff75d,4h,0.0460176671968609,,"full history 2019-2026, holdout included (pre-journal)","{""allow_short"": true, ""atr_length"": 30, ""cooldown_loss"": 5, ""cooldown_win"": 20, ""kill_drawdown"": 1.0, ""lookback"": 48, ""rsi_length"": 30, ""rsi_level"": 50.0, ""stop_atr"": 1.0, ""target_atr"": 8, ""type"": ""breakout_bracket""}"
2026-10-02T14:01:50Z,i001,1,feasibility,grid,breakout_bracket grid 4h,b05873e8df858559,4h,0.034748080516236,,"full history 2019-2026, holdout included (pre-journal)","{""allow_short"": true, ""atr_length"": 14, ""cooldown_loss"": 5, ""cooldown_win"": 20, ""kill_drawdown"": 1.0, ""lookback"": 48, ""rsi_length"": 30, ""rsi_level"": 50.0, ""stop_atr"": 1.0, ""target_atr"": 6, ""type"": ""breakout_bracket""}"
2026-10-02T14:01:50Z,i001,1,feasibility,grid,breakout_bracket grid 4h,0d0504b2b5aeab70,4h,0.0308801057817489,,"full history 2019-2026, holdout included (pre-journal)","{""allow_short"": true, ""atr_length"": 30, ""cooldown_loss"": 5, ""cooldown_win"": 20, ""kill_drawdown"": 1.0, ""lookback"": 48, ""rsi_length"": 30, ""rsi_level"": 50.0, ""stop_atr"": 4.0, ""target_atr"": 6, ""type"": ""breakout_bracket""}"
2026-10-02T14:01:50Z,i001,1,feasibility,grid,breakout_bracket grid 4h,9bc32c567c4fd411,4h,0.0291407157989314,,"full history 2019-2026, holdout included (pre-journal)","{""allow_short"": true, ""atr_length"": 14, ""cooldown_loss"": 5, ""cooldown_win"": 20, ""kill_drawdown"": 1.0, ""lookback"": 48, ""rsi_length"": 30, ""rsi_level"": 50.0, ""stop_atr"": 2.0, ""target_atr"": 6, ""type"": ""breakout_bracket""}"
2026-10-02T14:01:50Z,i001,1,feasibility,grid,breakout_bracket grid 4h,bc9e728b8567905b,4h,0.028950905135144,,"full history 2019-2026, holdout included (pre-journal)","{""allow_short"": true, ""atr_length"": 14, ""cooldown_loss"": 5, ""cooldown_win"": 20, ""kill_drawdown"": 1.0, ""lookback"": 48, ""rsi_length"": 30, ""rsi_level"": 50.0, ""stop_atr"": 4.0, ""target_atr"": 2, ""type"": ""breakout_bracket""}"
2026-10-02T14:01:50Z,i001,1,feasibility,grid,breakout_bracket grid 4h,0946c0ae53663466,4h,0.0223263935890467,,"full history 2019-2026, holdout included (pre-journal)","{""allow_short"": true, ""atr_length"": 30, ""cooldown_loss"": 5, ""cooldown_win"": 20, ""kill_drawdown"": 1.0, ""lookback"": 48, ""rsi_length"": 30, ""rsi_level"": 50.0, ""stop_atr"": 4.0, ""target_atr"": 4, ""type"": ""breakout_bracket""}"
2026-10-02T14:01:50Z,i001,1,feasibility,grid,breakout_bracket grid 4h,933823599f6994f0,4h,0.010891453633804,,"full history 2019-2026, holdout included (pre-journal)","{""allow_short"": true, ""atr_length"": 14, ""cooldown_loss"": 5, ""cooldown_win"": 20, ""kill_drawdown"": 1.0, ""lookback"": 48, ""rsi_length"": 30, ""rsi_level"": 50.0, ""stop_atr"": 1.5, ""target_atr"": 3, ""type"": ""breakout_bracket""}"
2026-10-02T14:01:50Z,i001,1,feasibility,grid,breakout_bracket grid 4h,d6cf4a3d2bbe127d,4h,0.0105492232862398,,"full history 2019-2026, holdout included (pre-journal)","{""allow_short"": true, ""atr_length"": 30, ""cooldown_loss"": 5, ""cooldown_win"": 20, ""kill_drawdown"": 1.0, ""lookback"": 48, ""rsi_length"": 30, ""rsi_level"": 50.0, ""stop_atr"": 2.0, ""target_atr"": 8, ""type"": ""breakout_bracket""}"
2026-10-02T14:01:50Z,i001,1,feasibility,grid,breakout_bracket grid 4h,b776b8ae1f8472e4,4h,-0.0077854800288479,,"full history 2019-2026, holdout included (pre-journal)","{""allow_short"": true, ""atr_length"": 14, ""cooldown_loss"": 5, ""cooldown_win"": 20, ""kill_drawdown"": 1.0, ""lookback"": 48, ""rsi_length"": 30, ""rsi_level"": 50.0, ""stop_atr"": 4.0, ""target_atr"": 3, ""type"": ""breakout_bracket""}"
2026-10-02T14:01:50Z,i001,1,feasibility,grid,breakout_bracket grid 4h,438a53f269929087,4h,-0.0109357698824995,,"full history 2019-2026, holdout included (pre-journal)","{""allow_short"": true, ""atr_length"": 30, ""cooldown_loss"": 5, ""cooldown_win"": 20, ""kill_drawdown"": 1.0, ""lookback"": 48, ""rsi_length"": 30, ""rsi_level"": 50.0, ""stop_atr"": 1.5, ""target_atr"": 3, ""type"": ""breakout_bracket""}"
2026-10-02T14:01:50Z,i001,1,feasibility,grid,breakout_bracket grid 4h,319e6fb6b98a3be2,4h,-0.0133670957553543,,"full history 2019-2026, holdout included (pre-journal)","{""allow_short"": true, ""atr_length"": 30, ""cooldown_loss"": 5, ""cooldown_win"": 20, ""kill_drawdown"": 1.0, ""lookback"": 48, ""rsi_length"": 30, ""rsi_level"": 50.0, ""stop_atr"": 1.0, ""target_atr"": 4, ""type"": ""breakout_bracket""}"
2026-10-02T14:01:50Z,i001,1,feasibility,grid,breakout_bracket grid 4h,3fec17f8acd90cfa,4h,-0.0236051288982841,,"full history 2019-2026, holdout included (pre-journal)","{""allow_short"": true, ""atr_length"": 30, ""cooldown_loss"": 5, ""cooldown_win"": 20, ""kill_drawdown"": 1.0, ""lookback"": 48, ""rsi_length"": 30, ""rsi_level"": 50.0, ""stop_atr"": 4.0, ""target_atr"": 2, ""type"": ""breakout_bracket""}"
2026-10-02T14:01:50Z,i001,1,feasibility,grid,breakout_bracket grid 4h,f68f3c99c2cd3efc,4h,-0.0338939183895158,,"full history 2019-2026, holdout included (pre-journal)","{""allow_short"": true, ""atr_length"": 14, ""cooldown_loss"": 5, ""cooldown_win"": 20, ""kill_drawdown"": 1.0, ""lookback"": 48, ""rsi_length"": 30, ""rsi_level"": 50.0, ""stop_atr"": 2.0, ""target_atr"": 4, ""type"": ""breakout_bracket""}"
2026-10-02T14:01:50Z,i001,1,feasibility,grid,breakout_bracket grid 4h,cc09978a887a2a90,4h,-0.036138637238468,,"full history 2019-2026, holdout included (pre-journal)","{""allow_short"": true, ""atr_length"": 30, ""cooldown_loss"": 5, ""cooldown_win"": 20, ""kill_drawdown"": 1.0, ""lookback"": 48, ""rsi_length"": 30, ""rsi_level"": 50.0, ""stop_atr"": 4.0, ""target_atr"": 8, ""type"": ""breakout_bracket""}"
2026-10-02T14:01:50Z,i001,1,feasibility,grid,breakout_bracket grid 4h,012a3e2bf0b37658,4h,-0.04721681738089,,"full history 2019-2026, holdout included (pre-journal)","{""allow_short"": true, ""atr_length"": 14, ""cooldown_loss"": 5, ""cooldown_win"": 20, ""kill_drawdown"": 1.0, ""lookback"": 48, ""rsi_length"": 30, ""rsi_level"": 50.0, ""stop_atr"": 4.0, ""target_atr"": 4, ""type"": ""breakout_bracket""}"
2026-10-02T14:01:50Z,i001,1,feasibility,grid,breakout_bracket grid 4h,c9afd8d7cf7739b6,4h,-0.0557863271564913,,"full history 2019-2026, holdout included (pre-journal)","{""allow_short"": true, ""atr_length"": 14, ""cooldown_loss"": 5, ""cooldown_win"": 20, ""kill_drawdown"": 1.0, ""lookback"": 48, ""rsi_length"": 30, ""rsi_level"": 50.0, ""stop_atr"": 3.0, ""target_atr"": 6, ""type"": ""breakout_bracket""}"
2026-10-02T14:01:50Z,i001,1,feasibility,grid,breakout_bracket grid 4h,68506acaccc4e612,4h,-0.0602929917127657,,"full history 2019-2026, holdout included (pre-journal)","{""allow_short"": true, ""atr_length"": 14, ""cooldown_loss"": 5, ""cooldown_win"": 20, ""kill_drawdown"": 1.0, ""lookback"": 48, ""rsi_length"": 30, ""rsi_level"": 50.0, ""stop_atr"": 2.0, ""target_atr"": 8, ""type"": ""breakout_bracket""}"
2026-10-02T14:01:50Z,i001,1,feasibility,grid,breakout_bracket grid 4h,141a58490a176a04,4h,-0.0641949325937179,,"full history 2019-2026, holdout included (pre-journal)","{""allow_short"": true, ""atr_length"": 14, ""cooldown_loss"": 5, ""cooldown_win"": 20, ""kill_drawdown"": 1.0, ""lookback"": 48, ""rsi_length"": 30, ""rsi_level"": 50.0, ""stop_atr"": 1.0, ""target_atr"": 3, ""type"": ""breakout_bracket""}"
2026-10-02T14:01:50Z,i001,1,feasibility,grid,breakout_bracket grid 4h,736370c743a2a847,4h,-0.0720314216649044,,"full history 2019-2026, holdout included (pre-journal)","{""allow_short"": true, ""atr_length"": 14, ""cooldown_loss"": 5, ""cooldown_win"": 20, ""kill_drawdown"": 1.0, ""lookback"": 48, ""rsi_length"": 30, ""rsi_level"": 50.0, ""stop_atr"": 1.0, ""target_atr"": 2, ""type"": ""breakout_bracket""}"
2026-10-02T14:01:50Z,i001,1,feasibility,grid,breakout_bracket grid 4h,fc7ffc3e14fa5d31,4h,-0.0729858379681169,,"full history 2019-2026, holdout included (pre-journal)","{""allow_short"": true, ""atr_length"": 30, ""cooldown_loss"": 5, ""cooldown_win"": 20, ""kill_drawdown"": 1.0, ""lookback"": 48, ""rsi_length"": 30, ""rsi_level"": 50.0, ""stop_atr"": 3.0, ""target_atr"": 8, ""type"": ""breakout_bracket""}"
2026-10-02T14:01:50Z,i001,1,feasibility,grid,breakout_bracket grid 4h,c0ee9ab6ef00db87,4h,-0.0751109499328899,,"full history 2019-2026, holdout included (pre-journal)","{""allow_short"": true, ""atr_length"": 30, ""cooldown_loss"": 5, ""cooldown_win"": 20, ""kill_drawdown"": 1.0, ""lookback"": 48, ""rsi_length"": 30, ""rsi_level"": 50.0, ""stop_atr"": 2.0, ""target_atr"": 6, ""type"": ""breakout_bracket""}"
2026-10-02T14:01:50Z,i001,1,feasibility,grid,breakout_bracket grid 4h,19e73647da01f6e2,4h,-0.0755219199771592,,"full history 2019-2026, holdout included (pre-journal)","{""allow_short"": true, ""atr_length"": 14, ""cooldown_loss"": 5, ""cooldown_win"": 20, ""kill_drawdown"": 1.0, ""lookback"": 48, ""rsi_length"": 30, ""rsi_level"": 50.0, ""stop_atr"": 1.5, ""target_atr"": 8, ""type"": ""breakout_bracket""}"
2026-10-02T14:01:50Z,i001,1,feasibility,grid,breakout_bracket grid 4h,3695a0f9c79ad973,4h,-0.079436700479045,,"full history 2019-2026, holdout included (pre-journal)","{""allow_short"": true, ""atr_length"": 14, ""cooldown_loss"": 5, ""cooldown_win"": 20, ""kill_drawdown"": 1.0, ""lookback"": 48, ""rsi_length"": 30, ""rsi_level"": 50.0, ""stop_atr"": 4.0, ""target_atr"": 6, ""type"": ""breakout_bracket""}"
2026-10-02T14:01:50Z,i001,1,feasibility,grid,breakout_bracket grid 4h,d8c3405ee4794bd0,4h,-0.100286444767874,,"full history 2019-2026, holdout included (pre-journal)","{""allow_short"": true, ""atr_length"": 14, ""cooldown_loss"": 5, ""cooldown_win"": 20, ""kill_drawdown"": 1.0, ""lookback"": 48, ""rsi_length"": 30, ""rsi_level"": 50.0, ""stop_atr"": 3.0, ""target_atr"": 8, ""type"": ""breakout_bracket""}"
2026-10-02T14:01:50Z,i001,1,feasibility,grid,breakout_bracket grid 4h,6e2c197f8a221904,4h,-0.1002942854768964,,"full history 2019-2026, holdout included (pre-journal)","{""allow_short"": true, ""atr_length"": 30, ""cooldown_loss"": 5, ""cooldown_win"": 20, ""kill_drawdown"": 1.0, ""lookback"": 48, ""rsi_length"": 30, ""rsi_level"": 50.0, ""stop_atr"": 3.0, ""target_atr"": 6, ""type"": ""breakout_bracket""}"
2026-10-02T14:01:50Z,i001,1,feasibility,grid,breakout_bracket grid 4h,41a6fd1618c11c55,4h,-0.1015329661797709,,"full history 2019-2026, holdout included (pre-journal)","{""allow_short"": true, ""atr_length"": 14, ""cooldown_loss"": 5, ""cooldown_win"": 20, ""kill_drawdown"": 1.0, ""lookback"": 48, ""rsi_length"": 30, ""rsi_level"": 50.0, ""stop_atr"": 3.0, ""target_atr"": 4, ""type"": ""breakout_bracket""}"
2026-10-02T14:01:50Z,i001,1,feasibility,grid,breakout_bracket grid 4h,dd0de4c6d275dfbc,4h,-0.1217846340976107,,"full history 2019-2026, holdout included (pre-journal)","{""allow_short"": true, ""atr_length"": 30, ""cooldown_loss"": 5, ""cooldown_win"": 20, ""kill_drawdown"": 1.0, ""lookback"": 48, ""rsi_length"": 30, ""rsi_level"": 50.0, ""stop_atr"": 1.0, ""target_atr"": 2, ""type"": ""breakout_bracket""}"
2026-10-02T14:01:50Z,i001,1,feasibility,grid,breakout_bracket grid 4h,1e59305d48b78f98,4h,-0.1263100099845781,,"full history 2019-2026, holdout included (pre-journal)","{""allow_short"": true, ""atr_length"": 30, ""cooldown_loss"": 5, ""cooldown_win"": 20, ""kill_drawdown"": 1.0, ""lookback"": 48, ""rsi_length"": 30, ""rsi_level"": 50.0, ""stop_atr"": 4.0, ""target_atr"": 3, ""type"": ""breakout_bracket""}"
2026-10-02T14:01:50Z,i001,1,feasibility,grid,breakout_bracket grid 4h,e4d24a505b9e28b8,4h,-0.1338472125141132,,"full history 2019-2026, holdout included (pre-journal)","{""allow_short"": true, ""atr_length"": 30, ""cooldown_loss"": 5, ""cooldown_win"": 20, ""kill_drawdown"": 1.0, ""lookback"": 48, ""rsi_length"": 30, ""rsi_level"": 50.0, ""stop_atr"": 2.0, ""target_atr"": 2, ""type"": ""breakout_bracket""}"
2026-10-02T14:01:50Z,i001,1,feasibility,grid,breakout_bracket grid 4h,2664a693d298a7e4,4h,-0.1392091022314851,,"full history 2019-2026, holdout included (pre-journal)","{""allow_short"": true, ""atr_length"": 30, ""cooldown_loss"": 5, ""cooldown_win"": 20, ""kill_drawdown"": 1.0, ""lookback"": 48, ""rsi_length"": 30, ""rsi_level"": 50.0, ""stop_atr"": 2.0, ""target_atr"": 3, ""type"": ""breakout_bracket""}"
2026-10-02T14:01:50Z,i001,1,feasibility,grid,breakout_bracket grid 4h,4b0dc0e68fcdcad2,4h,-0.1430823675106708,,"full history 2019-2026, holdout included (pre-journal)","{""allow_short"": true, ""atr_length"": 30, ""cooldown_loss"": 5, ""cooldown_win"": 20, ""kill_drawdown"": 1.0, ""lookback"": 48, ""rsi_length"": 30, ""rsi_level"": 50.0, ""stop_atr"": 2.0, ""target_atr"": 4, ""type"": ""breakout_bracket""}"
2026-10-02T14:01:50Z,i001,1,feasibility,grid,breakout_bracket grid 4h,08c8847e9c52d0ab,4h,-0.151967581496954,,"full history 2019-2026, holdout included (pre-journal)","{""allow_short"": true, ""atr_length"": 14, ""cooldown_loss"": 5, ""cooldown_win"": 20, ""kill_drawdown"": 1.0, ""lookback"": 48, ""rsi_length"": 30, ""rsi_level"": 50.0, ""stop_atr"": 3.0, ""target_atr"": 2, ""type"": ""breakout_bracket""}"
2026-10-02T14:01:50Z,i001,1,feasibility,grid,breakout_bracket grid 4h,b6f77048d640f52b,4h,-0.1760375259190477,,"full history 2019-2026, holdout included (pre-journal)","{""allow_short"": true, ""atr_length"": 14, ""cooldown_loss"": 5, ""cooldown_win"": 20, ""kill_drawdown"": 1.0, ""lookback"": 48, ""rsi_length"": 30, ""rsi_level"": 50.0, ""stop_atr"": 2.0, ""target_atr"": 3, ""type"": ""breakout_bracket""}"
2026-10-02T14:01:50Z,i001,1,feasibility,grid,breakout_bracket grid 4h,83cd29ab5b04f076,4h,-0.1808398858977881,,"full history 2019-2026, holdout included (pre-journal)","{""allow_short"": true, ""atr_length"": 14, ""cooldown_loss"": 5, ""cooldown_win"": 20, ""kill_drawdown"": 1.0, ""lookback"": 48, ""rsi_length"": 30, ""rsi_level"": 50.0, ""stop_atr"": 1.5, ""target_atr"": 2, ""type"": ""breakout_bracket""}"
2026-10-02T14:01:50Z,i001,1,feasibility,grid,breakout_bracket grid 4h,5942c5d60e394d1a,4h,-0.190580292918025,,"full history 2019-2026, holdout included (pre-journal)","{""allow_short"": true, ""atr_length"": 30, ""cooldown_loss"": 5, ""cooldown_win"": 20, ""kill_drawdown"": 1.0, ""lookback"": 48, ""rsi_length"": 30, ""rsi_level"": 50.0, ""stop_atr"": 1.0, ""target_atr"": 3, ""type"": ""breakout_bracket""}"
2026-10-02T14:01:50Z,i001,1,feasibility,grid,breakout_bracket grid 4h,ea543e56928f2a01,4h,-0.1919438382130767,,"full history 2019-2026, holdout included (pre-journal)","{""allow_short"": true, ""atr_length"": 30, ""cooldown_loss"": 5, ""cooldown_win"": 20, ""kill_drawdown"": 1.0, ""lookback"": 48, ""rsi_length"": 30, ""rsi_level"": 50.0, ""stop_atr"": 3.0, ""target_atr"": 4, ""type"": ""breakout_bracket""}"
2026-10-02T14:01:50Z,i001,1,feasibility,grid,breakout_bracket grid 4h,5b06b5c634488df9,4h,-0.1951551348598905,,"full history 2019-2026, holdout included (pre-journal)","{""allow_short"": true, ""atr_length"": 30, ""cooldown_loss"": 5, ""cooldown_win"": 20, ""kill_drawdown"": 1.0, ""lookback"": 48, ""rsi_length"": 30, ""rsi_level"": 50.0, ""stop_atr"": 1.5, ""target_atr"": 2, ""type"": ""breakout_bracket""}"
2026-10-02T14:01:50Z,i001,1,feasibility,grid,breakout_bracket grid 4h,f785d23087e03e0e,4h,-0.2303005814438395,,"full history 2019-2026, holdout included (pre-journal)","{""allow_short"": true, ""atr_length"": 14, ""cooldown_loss"": 5, ""cooldown_win"": 20, ""kill_drawdown"": 1.0, ""lookback"": 48, ""rsi_length"": 30, ""rsi_level"": 50.0, ""stop_atr"": 3.0, ""target_atr"": 3, ""type"": ""breakout_bracket""}"
2026-10-02T14:01:50Z,i001,1,feasibility,grid,breakout_bracket grid 4h,1e9dbee4a819637f,4h,-0.2787957811692237,,"full history 2019-2026, holdout included (pre-journal)","{""allow_short"": true, ""atr_length"": 30, ""cooldown_loss"": 5, ""cooldown_win"": 20, ""kill_drawdown"": 1.0, ""lookback"": 48, ""rsi_length"": 30, ""rsi_level"": 50.0, ""stop_atr"": 3.0, ""target_atr"": 2, ""type"": ""breakout_bracket""}"
2026-10-02T14:01:50Z,i001,1,feasibility,grid,breakout_bracket grid 4h,4a9385e1e63853b4,4h,-0.2896611919790108,,"full history 2019-2026, holdout included (pre-journal)","{""allow_short"": true, ""atr_length"": 30, ""cooldown_loss"": 5, ""cooldown_win"": 20, ""kill_drawdown"": 1.0, ""lookback"": 48, ""rsi_length"": 30, ""rsi_level"": 50.0, ""stop_atr"": 3.0, ""target_atr"": 3, ""type"": ""breakout_bracket""}"
2026-10-02T14:01:50Z,i001,2,feasibility,grid,breakout_bracket grid 1d,6e1320c2f198b988,1d,0.2283207414128388,,"full history 2019-2026, holdout included (pre-journal)","{""allow_short"": true, ""atr_length"": 30, ""cooldown_loss"": 5, ""cooldown_win"": 20, ""kill_drawdown"": 0.5, ""lookback"": 48, ""rsi_length"": 30, ""rsi_level"": 50.0, ""stop_atr"": 1.5, ""target_atr"": 8, ""type"": ""breakout_bracket""}"
2026-10-02T14:01:50Z,i001,2,feasibility,grid,breakout_bracket grid 1d,31cbd9fd10da8af3,1d,0.1194330693882828,,"full history 2019-2026, holdout included (pre-journal)","{""allow_short"": true, ""atr_length"": 14, ""cooldown_loss"": 5, ""cooldown_win"": 20, ""kill_drawdown"": 0.5, ""lookback"": 48, ""rsi_length"": 30, ""rsi_level"": 50.0, ""stop_atr"": 3.0, ""target_atr"": 8, ""type"": ""breakout_bracket""}"
2026-10-02T14:01:50Z,i001,2,feasibility,grid,breakout_bracket grid 1d,8213ec679e924747,1d,0.0798952183341799,,"full history 2019-2026, holdout included (pre-journal)","{""allow_short"": true, ""atr_length"": 30, ""cooldown_loss"": 5, ""cooldown_win"": 20, ""kill_drawdown"": 0.5, ""lookback"": 48, ""rsi_length"": 30, ""rsi_level"": 50.0, ""stop_atr"": 1.5, ""target_atr"": 6, ""type"": ""breakout_bracket""}"
2026-10-02T14:01:50Z,i001,2,feasibility,grid,breakout_bracket grid 1d,bb7ba69ec5ad53e7,1d,0.0742738167793306,,"full history 2019-2026, holdout included (pre-journal)","{""allow_short"": true, ""atr_length"": 30, ""cooldown_loss"": 5, ""cooldown_win"": 20, ""kill_drawdown"": 0.5, ""lookback"": 48, ""rsi_length"": 30, ""rsi_level"": 50.0, ""stop_atr"": 1.0, ""target_atr"": 4, ""type"": ""breakout_bracket""}"
2026-10-02T14:01:50Z,i001,2,feasibility,grid,breakout_bracket grid 1d,42f142706af09677,1d,0.0634748603147301,,"full history 2019-2026, holdout included (pre-journal)","{""allow_short"": true, ""atr_length"": 14, ""cooldown_loss"": 5, ""cooldown_win"": 20, ""kill_drawdown"": 0.5, ""lookback"": 48, ""rsi_length"": 30, ""rsi_level"": 50.0, ""stop_atr"": 1.0, ""target_atr"": 6, ""type"": ""breakout_bracket""}"
2026-10-02T14:01:50Z,i001,2,feasibility,grid,breakout_bracket grid 1d,31bfd97153bdf131,1d,0.0509410624375744,,"full history 2019-2026, holdout included (pre-journal)","{""allow_short"": true, ""atr_length"": 14, ""cooldown_loss"": 5, ""cooldown_win"": 20, ""kill_drawdown"": 0.5, ""lookback"": 48, ""rsi_length"": 30, ""rsi_level"": 50.0, ""stop_atr"": 1.0, ""target_atr"": 8, ""type"": ""breakout_bracket""}"
2026-10-02T14:01:50Z,i001,2,feasibility,grid,breakout_bracket grid 1d,a498094dbb43380a,1d,0.0474759370736612,,"full history 2019-2026, holdout included (pre-journal)","{""allow_short"": true, ""atr_length"": 30, ""cooldown_loss"": 5, ""cooldown_win"": 20, ""kill_drawdown"": 0.5, ""lookback"": 48, ""rsi_length"": 30, ""rsi_level"": 50.0, ""stop_atr"": 1.5, ""target_atr"": 4, ""type"": ""breakout_bracket""}"
2026-10-02T14:01:50Z,i001,2,feasibility,grid,breakout_bracket grid 1d,a99bdb2cb94ce31b,1d,0.0456103836386087,,"full history 2019-2026, holdout included (pre-journal)","{""allow_short"": true, ""atr_length"": 30, ""cooldown_loss"": 5, ""cooldown_win"": 20, ""kill_drawdown"": 0.5, ""lookback"": 48, ""rsi_length"": 30, ""rsi_level"": 50.0, ""stop_atr"": 4.0, ""target_atr"": 8, ""type"": ""breakout_bracket""}"
2026-10-02T14:01:50Z,i001,2,feasibility,grid,breakout_bracket grid 1d,d9dae12fb78696bc,1d,0.0448082117537046,,"full history 2019-2026, holdout included (pre-journal)","{""allow_short"": true, ""atr_length"": 30, ""cooldown_loss"": 5, ""cooldown_win"": 20, ""kill_drawdown"": 0.5, ""lookback"": 48, ""rsi_length"": 30, ""rsi_level"": 50.0, ""stop_atr"": 1.0, ""target_atr"": 8, ""type"": ""breakout_bracket""}"
2026-10-02T14:01:50Z,i001,2,feasibility,grid,breakout_bracket grid 1d,f8561ce64361dfd2,1d,0.0428854378899871,,"full history 2019-2026, holdout included (pre-journal)","{""allow_short"": true, ""atr_length"": 14, ""cooldown_loss"": 5, ""cooldown_win"": 20, ""kill_drawdown"": 0.5, ""lookback"": 48, ""rsi_length"": 30, ""rsi_level"": 50.0, ""stop_atr"": 1.5, ""target_atr"": 8, ""type"": ""breakout_bracket""}"
2026-10-02T14:01:50Z,i001,2,feasibility,grid,breakout_bracket grid 1d,87b2e7a091f5baca,1d,0.042201560709903,,"full history 2019-2026, holdout included (pre-journal)","{""allow_short"": true, ""atr_length"": 30, ""cooldown_loss"": 5, ""cooldown_win"": 20, ""kill_drawdown"": 0.5, ""lookback"": 48, ""rsi_length"": 30, ""rsi_level"": 50.0, ""stop_atr"": 3.0, ""target_atr"": 6, ""type"": ""breakout_bracket""}"
2026-10-02T14:01:50Z,i001,2,feasibility,grid,breakout_bracket grid 1d,e010d2b7a742d0aa,1d,0.0350505798129192,,"full history 2019-2026, holdout included (pre-journal)","{""allow_short"": true, ""atr_length"": 30, ""cooldown_loss"": 5, ""cooldown_win"": 20, ""kill_drawdown"": 0.5, ""lookback"": 48, ""rsi_length"": 30, ""rsi_level"": 50.0, ""stop_atr"": 3.0, ""target_atr"": 8, ""type"": ""breakout_bracket""}"
2026-10-02T14:01:50Z,i001,2,feasibility,grid,breakout_bracket grid 1d,4c64facc3b5d8d91,1d,0.0316880362481622,,"full history 2019-2026, holdout included (pre-journal)","{""allow_short"": true, ""atr_length"": 14, ""cooldown_loss"": 5, ""cooldown_win"": 20, ""kill_drawdown"": 0.5, ""lookback"": 48, ""rsi_length"": 30, ""rsi_level"": 50.0, ""stop_atr"": 1.0, ""target_atr"": 3, ""type"": ""breakout_bracket""}"
2026-10-02T14:01:50Z,i001,2,feasibility,grid,breakout_bracket grid 1d,60fbb4b2c74e3358,1d,0.0289923551295458,,"full history 2019-2026, holdout included (pre-journal)","{""allow_short"": true, ""atr_length"": 14, ""cooldown_loss"": 5, ""cooldown_win"": 20, ""kill_drawdown"": 0.5, ""lookback"": 48, ""rsi_length"": 30, ""rsi_level"": 50.0, ""stop_atr"": 4.0, ""target_atr"": 8, ""type"": ""breakout_bracket""}"
2026-10-02T14:01:50Z,i001,2,feasibility,grid,breakout_bracket grid 1d,0d2add8a6693397a,1d,0.026047073100522,,"full history 2019-2026, holdout included (pre-journal)","{""allow_short"": true, ""atr_length"": 14, ""cooldown_loss"": 5, ""cooldown_win"": 20, ""kill_drawdown"": 0.5, ""lookback"": 48, ""rsi_length"": 30, ""rsi_level"": 50.0, ""stop_atr"": 3.0, ""target_atr"": 6, ""type"": ""breakout_bracket""}"
2026-10-02T14:01:50Z,i001,2,feasibility,grid,breakout_bracket grid 1d,1e44d80f7b258711,1d,0.0138152864057265,,"full history 2019-2026, holdout included (pre-journal)","{""allow_short"": true, ""atr_length"": 30, ""cooldown_loss"": 5, ""cooldown_win"": 20, ""kill_drawdown"": 0.5, ""lookback"": 48, ""rsi_length"": 30, ""rsi_level"": 50.0, ""stop_atr"": 2.0, ""target_atr"": 6, ""type"": ""breakout_bracket""}"
2026-10-02T14:01:50Z,i001,2,feasibility,grid,breakout_bracket grid 1d,13d15c71a8b7d8f1,1d,-0.00776451262149,,"full history 2019-2026, holdout included (pre-journal)","{""allow_short"": true, ""atr_length"": 30, ""cooldown_loss"": 5, ""cooldown_win"": 20, ""kill_drawdown"": 0.5, ""lookback"": 48, ""rsi_length"": 30, ""rsi_level"": 50.0, ""stop_atr"": 1.0, ""target_atr"": 3, ""type"": ""breakout_bracket""}"
2026-10-02T14:01:50Z,i001,2,feasibility,grid,breakout_bracket grid 1d,3fa95e2e7247d692,1d,-0.0163932329932696,,"full history 2019-2026, holdout included (pre-journal)","{""allow_short"": true, ""atr_length"": 14, ""cooldown_loss"": 5, ""cooldown_win"": 20, ""kill_drawdown"": 0.5, ""lookback"": 48, ""rsi_length"": 30, ""rsi_level"": 50.0, ""stop_atr"": 2.0, ""target_atr"": 4, ""type"": ""breakout_bracket""}"
2026-10-02T14:01:50Z,i001,2,feasibility,grid,breakout_bracket grid 1d,e9d3f4a799c5d686,1d,-0.0268191466332999,,"full history 2019-2026, holdout included (pre-journal)","{""allow_short"": true, ""atr_length"": 30, ""cooldown_loss"": 5, ""cooldown_win"": 20, ""kill_drawdown"": 0.5, ""lookback"": 48, ""rsi_length"": 30, ""rsi_level"": 50.0, ""stop_atr"": 2.0, ""target_atr"": 8, ""type"": ""breakout_bracket""}"
2026-10-02T14:01:50Z,i001,2,feasibility,grid,breakout_bracket grid 1d,8a360dc6e91eace2,1d,-0.0301181286431774,,"full history 2019-2026, holdout included (pre-journal)","{""allow_short"": true, ""atr_length"": 30, ""cooldown_loss"": 5, ""cooldown_win"": 20, ""kill_drawdown"": 0.5, ""lookback"": 48, ""rsi_length"": 30, ""rsi_level"": 50.0, ""stop_atr"": 4.0, ""target_atr"": 6, ""type"": ""breakout_bracket""}"
2026-10-02T14:01:50Z,i001,2,feasibility,grid,breakout_bracket grid 1d,463120f3d15be049,1d,-0.032218637157527,,"full history 2019-2026, holdout included (pre-journal)","{""allow_short"": true, ""atr_length"": 14, ""cooldown_loss"": 5, ""cooldown_win"": 20, ""kill_drawdown"": 0.5, ""lookback"": 48, ""rsi_length"": 30, ""rsi_level"": 50.0, ""stop_atr"": 1.5, ""target_atr"": 6, ""type"": ""breakout_bracket""}"
2026-10-02T14:01:50Z,i001,2,feasibility,grid,breakout_bracket grid 1d,f9f51cec711c3712,1d,-0.0469389643100314,,"full history 2019-2026, holdout included (pre-journal)","{""allow_short"": true, ""atr_length"": 14, ""cooldown_loss"": 5, ""cooldown_win"": 20, ""kill_drawdown"": 0.5, ""lookback"": 48, ""rsi_length"": 30, ""rsi_level"": 50.0, ""stop_atr"": 1.5, ""target_atr"": 4, ""type"": ""breakout_bracket""}"
2026-10-02T14:01:50Z,i001,2,feasibility,grid,breakout_bracket grid 1d,745084f5c3cdddfa,1d,-0.0543772082439696,,"full history 2019-2026, holdout included (pre-journal)","{""allow_short"": true, ""atr_length"": 30, ""cooldown_loss"": 5, ""cooldown_win"": 20, ""kill_drawdown"": 0.5, ""lookback"": 48, ""rsi_length"": 30, ""rsi_level"": 50.0, ""stop_atr"": 1.0, ""target_atr"": 6, ""type"": ""breakout_bracket""}"
2026-10-02T14:01:50Z,i001,2,feasibility,grid,breakout_bracket grid 1d,08e3ee658b31f82b,1d,-0.058609603341498,,"full history 2019-2026, holdout included (pre-journal)","{""allow_short"": true, ""atr_length"": 30, ""cooldown_loss"": 5, ""cooldown_win"": 20, ""kill_drawdown"": 0.5, ""lookback"": 48, ""rsi_length"": 30, ""rsi_level"": 50.0, ""stop_atr"": 2.0, ""target_atr"": 4, ""type"": ""breakout_bracket""}"
2026-10-02T14:01:50Z,i001,2,feasibility,grid,breakout_bracket grid 1d,39df5a4c3f10b1a4,1d,-0.0613510754794583,,"full history 2019-2026, holdout included (pre-journal)","{""allow_short"": true, ""atr_length"": 14, ""cooldown_loss"": 5, ""cooldown_win"": 20, ""kill_drawdown"": 0.5, ""lookback"": 48, ""rsi_length"": 30, ""rsi_level"": 50.0, ""stop_atr"": 3.0, ""target_atr"": 4, ""type"": ""breakout_bracket""}"
2026-10-02T14:01:50Z,i001,2,feasibility,grid,breakout_bracket grid 1d,e21770b0497207a0,1d,-0.062471799736496,,"full history 2019-2026, holdout included (pre-journal)","{""allow_short"": true, ""atr_length"": 14, ""cooldown_loss"": 5, ""cooldown_win"": 20, ""kill_drawdown"": 0.5, ""lookback"": 48, ""rsi_length"": 30, ""rsi_level"": 50.0, ""stop_atr"": 4.0, ""target_atr"": 6, ""type"": ""breakout_bracket""}"
2026-10-02T14:01:50Z,i001,2,feasibility,grid,breakout_bracket grid 1d,d97f6b6b58cd2674,1d,-0.0640560488162634,,"full history 2019-2026, holdout included (pre-journal)","{""allow_short"": true, ""atr_length"": 14, ""cooldown_loss"": 5, ""cooldown_win"": 20, ""kill_drawdown"": 0.5, ""lookback"": 48, ""rsi_length"": 30, ""rsi_level"": 50.0, ""stop_atr"": 2.0, ""target_atr"": 8, ""type"": ""breakout_bracket""}"
2026-10-02T14:01:50Z,i001,2,feasibility,grid,breakout_bracket grid 1d,d306d2d50234d80a,1d,-0.0855149102353686,,"full history 2019-2026, holdout included (pre-journal)","{""allow_short"": true, ""atr_length"": 14, ""cooldown_loss"": 5, ""cooldown_win"": 20, ""kill_drawdown"": 0.5, ""lookback"": 48, ""rsi_length"": 30, ""rsi_level"": 50.0, ""stop_atr"": 4.0, ""target_atr"": 4, ""type"": ""breakout_bracket""}"
2026-10-02T14:01:50Z,i001,2,feasibility,grid,breakout_bracket grid 1d,8c90f8466ed59eff,1d,-0.1025611148311789,,"full history 2019-2026, holdout included (pre-journal)","{""allow_short"": true, ""atr_length"": 14, ""cooldown_loss"": 5, ""cooldown_win"": 20, ""kill_drawdown"": 0.5, ""lookback"": 48, ""rsi_length"": 30, ""rsi_level"": 50.0, ""stop_atr"": 1.0, ""target_atr"": 4, ""type"": ""breakout_bracket""}"
2026-10-02T14:01:50Z,i001,2,feasibility,grid,breakout_bracket grid 1d,c84519bda88f5ea1,1d,-0.1142929728553243,,"full history 2019-2026, holdout included (pre-journal)","{""allow_short"": true, ""atr_length"": 30, ""cooldown_loss"": 5, ""cooldown_win"": 20, ""kill_drawdown"": 0.5, ""lookback"": 48, ""rsi_length"": 30, ""rsi_level"": 50.0, ""stop_atr"": 3.0, ""target_atr"": 4, ""type"": ""breakout_bracket""}"
2026-10-02T14:01:50Z,i001,2,feasibility,grid,breakout_bracket grid 1d,f007e173a484197a,1d,-0.1284908809030853,,"full history 2019-2026, holdout included (pre-journal)","{""allow_short"": true, ""atr_length"": 30, ""cooldown_loss"": 5, ""cooldown_win"": 20, ""kill_drawdown"": 0.5, ""lookback"": 48, ""rsi_length"": 30, ""rsi_level"": 50.0, ""stop_atr"": 1.5, ""target_atr"": 3, ""type"": ""breakout_bracket""}"
2026-10-02T14:01:50Z,i001,2,feasibility,grid,breakout_bracket grid 1d,1339da858f2751ee,1d,-0.1304979958196248,,"full history 2019-2026, holdout included (pre-journal)","{""allow_short"": true, ""atr_length"": 14, ""cooldown_loss"": 5, ""cooldown_win"": 20, ""kill_drawdown"": 0.5, ""lookback"": 48, ""rsi_length"": 30, ""rsi_level"": 50.0, ""stop_atr"": 2.0, ""target_atr"": 6, ""type"": ""breakout_bracket""}"
2026-10-02T14:01:50Z,i001,2,feasibility,grid,breakout_bracket grid 1d,8d8278b024f03161,1d,-0.1477931386408058,,"full history 2019-2026, holdout included (pre-journal)","{""allow_short"": true, ""atr_length"": 14, ""cooldown_loss"": 5, ""cooldown_win"": 20, ""kill_drawdown"": 0.5, ""lookback"": 48, ""rsi_length"": 30, ""rsi_level"": 50.0, ""stop_atr"": 2.0, ""target_atr"": 3, ""type"": ""breakout_bracket""}"
2026-10-02T14:01:50Z,i001,2,feasibility,grid,breakout_bracket grid 1d,34c2e47d77708b9c,1d,-0.149829216896133,,"full history 2019-2026, holdout included (pre-journal)","{""allow_short"": true, ""atr_length"": 30, ""cooldown_loss"": 5, ""cooldown_win"": 20, ""kill_drawdown"": 0.5, ""lookback"": 48, ""rsi_length"": 30, ""rsi_level"": 50.0, ""stop_atr"": 4.0, ""target_atr"": 3, ""type"": ""breakout_bracket""}"
2026-10-02T14:01:50Z,i001,2,feasibility,grid,breakout_bracket grid 1d,8db1b951ee01ceb0,1d,-0.1527247337133105,,"full history 2019-2026, holdout included (pre-journal)","{""allow_short"": true, ""atr_length"": 30, ""cooldown_loss"": 5, ""cooldown_win"": 20, ""kill_drawdown"": 0.5, ""lookback"": 48, ""rsi_length"": 30, ""rsi_level"": 50.0, ""stop_atr"": 4.0, ""target_atr"": 4, ""type"": ""breakout_bracket""}"
2026-10-02T14:01:50Z,i001,2,feasibility,grid,breakout_bracket grid 1d,0563ffdfd71b278b,1d,-0.1671625394973565,,"full history 2019-2026, holdout included (pre-journal)","{""allow_short"": true, ""atr_length"": 30, ""cooldown_loss"": 5, ""cooldown_win"": 20, ""kill_drawdown"": 0.5, ""lookback"": 48, ""rsi_length"": 30, ""rsi_level"": 50.0, ""stop_atr"": 1.0, ""target_atr"": 2, ""type"": ""breakout_bracket""}"
2026-10-02T14:01:50Z,i001,2,feasibility,grid,breakout_bracket grid 1d,6042d823ad38e4ee,1d,-0.1684885875438966,,"full history 2019-2026, holdout included (pre-journal)","{""allow_short"": true, ""atr_length"": 14, ""cooldown_loss"": 5, ""cooldown_win"": 20, ""kill_drawdown"": 0.5, ""lookback"": 48, ""rsi_length"": 30, ""rsi_level"": 50.0, ""stop_atr"": 1.5, ""target_atr"": 3, ""type"": ""breakout_bracket""}"
2026-10-02T14:01:50Z,i001,2,feasibility,grid,breakout_bracket grid 1d,e78a1dac724f71ef,1d,-0.1829929260612421,,"full history 2019-2026, holdout included (pre-journal)","{""allow_short"": true, ""atr_length"": 30, ""cooldown_loss"": 5, ""cooldown_win"": 20, ""kill_drawdown"": 0.5, ""lookback"": 48, ""rsi_length"": 30, ""rsi_level"": 50.0, ""stop_atr"": 2.0, ""target_atr"": 3, ""type"": ""breakout_bracket""}"
2026-10-02T14:01:50Z,i001,2,feasibility,grid,breakout_bracket grid 1d,3b4b5901f3cd6d30,1d,-0.1831834568196093,,"full history 2019-2026, holdout included (pre-journal)","{""allow_short"": true, ""atr_length"": 14, ""cooldown_loss"": 5, ""cooldown_win"": 20, ""kill_drawdown"": 0.5, ""lookback"": 48, ""rsi_length"": 30, ""rsi_level"": 50.0, ""stop_atr"": 4.0, ""target_atr"": 3, ""type"": ""breakout_bracket""}"
2026-10-02T14:01:50Z,i001,2,feasibility,grid,breakout_bracket grid 1d,7ed51bd475860348,1d,-0.2042408426768072,,"full history 2019-2026, holdout included (pre-journal)","{""allow_short"": true, ""atr_length"": 14, ""cooldown_loss"": 5, ""cooldown_win"": 20, ""kill_drawdown"": 0.5, ""lookback"": 48, ""rsi_length"": 30, ""rsi_level"": 50.0, ""stop_atr"": 1.0, ""target_atr"": 2, ""type"": ""breakout_bracket""}"
2026-10-02T14:01:50Z,i001,2,feasibility,grid,breakout_bracket grid 1d,ea4b0d2c415699e2,1d,-0.2188544104948179,,"full history 2019-2026, holdout included (pre-journal)","{""allow_short"": true, ""atr_length"": 30, ""cooldown_loss"": 5, ""cooldown_win"": 20, ""kill_drawdown"": 0.5, ""lookback"": 48, ""rsi_length"": 30, ""rsi_level"": 50.0, ""stop_atr"": 3.0, ""target_atr"": 3, ""type"": ""breakout_bracket""}"
2026-10-02T14:01:50Z,i001,2,feasibility,grid,breakout_bracket grid 1d,041926cf51b2fea8,1d,-0.245890965214916,,"full history 2019-2026, holdout included (pre-journal)","{""allow_short"": true, ""atr_length"": 14, ""cooldown_loss"": 5, ""cooldown_win"": 20, ""kill_drawdown"": 0.5, ""lookback"": 48, ""rsi_length"": 30, ""rsi_level"": 50.0, ""stop_atr"": 3.0, ""target_atr"": 3, ""type"": ""breakout_bracket""}"
2026-10-02T14:01:50Z,i001,2,feasibility,grid,breakout_bracket grid 1d,7d69be57e40ac3d5,1d,-0.2521448693825333,,"full history 2019-2026, holdout included (pre-journal)","{""allow_short"": true, ""atr_length"": 30, ""cooldown_loss"": 5, ""cooldown_win"": 20, ""kill_drawdown"": 0.5, ""lookback"": 48, ""rsi_length"": 30, ""rsi_level"": 50.0, ""stop_atr"": 4.0, ""target_atr"": 2, ""type"": ""breakout_bracket""}"
2026-10-02T14:01:50Z,i001,2,feasibility,grid,breakout_bracket grid 1d,42312345775dce97,1d,-0.2658595587438533,,"full history 2019-2026, holdout included (pre-journal)","{""allow_short"": true, ""atr_length"": 30, ""cooldown_loss"": 5, ""cooldown_win"": 20, ""kill_drawdown"": 0.5, ""lookback"": 48, ""rsi_length"": 30, ""rsi_level"": 50.0, ""stop_atr"": 3.0, ""target_atr"": 2, ""type"": ""breakout_bracket""}"
2026-10-02T14:01:50Z,i001,2,feasibility,grid,breakout_bracket grid 1d,8be6aa769f03b9f3,1d,-0.2835767428177801,,"full history 2019-2026, holdout included (pre-journal)","{""allow_short"": true, ""atr_length"": 14, ""cooldown_loss"": 5, ""cooldown_win"": 20, ""kill_drawdown"": 0.5, ""lookback"": 48, ""rsi_length"": 30, ""rsi_level"": 50.0, ""stop_atr"": 4.0, ""target_atr"": 2, ""type"": ""breakout_bracket""}"
2026-10-02T14:01:50Z,i001,2,feasibility,grid,breakout_bracket grid 1d,19afee06a0c7af37,1d,-0.3147300320724657,,"full history 2019-2026, holdout included (pre-journal)","{""allow_short"": true, ""atr_length"": 14, ""cooldown_loss"": 5, ""cooldown_win"": 20, ""kill_drawdown"": 0.5, ""lookback"": 48, ""rsi_length"": 30, ""rsi_level"": 50.0, ""stop_atr"": 1.5, ""target_atr"": 2, ""type"": ""breakout_bracket""}"
2026-10-02T14:01:50Z,i001,2,feasibility,grid,breakout_bracket grid 1d,d9b1d61c98623922,1d,-0.3156597943608779,,"full history 2019-2026, holdout included (pre-journal)","{""allow_short"": true, ""atr_length"": 14, ""cooldown_loss"": 5, ""cooldown_win"": 20, ""kill_drawdown"": 0.5, ""lookback"": 48, ""rsi_length"": 30, ""rsi_level"": 50.0, ""stop_atr"": 3.0, ""target_atr"": 2, ""type"": ""breakout_bracket""}"
2026-10-02T14:01:50Z,i001,2,feasibility,grid,breakout_bracket grid 1d,1763b963063f918a,1d,-0.3250058440603988,,"full history 2019-2026, holdout included (pre-journal)","{""allow_short"": true, ""atr_length"": 30, ""cooldown_loss"": 5, ""cooldown_win"": 20, ""kill_drawdown"": 0.5, ""lookback"": 48, ""rsi_length"": 30, ""rsi_level"": 50.0, ""stop_atr"": 1.5, ""target_atr"": 2, ""type"": ""breakout_bracket""}"
2026-10-02T14:01:50Z,i001,2,feasibility,grid,breakout_bracket grid 1d,0d8bee761ec56088,1d,-0.3328212948439237,,"full history 2019-2026, holdout included (pre-journal)","{""allow_short"": true, ""atr_length"": 14, ""cooldown_loss"": 5, ""cooldown_win"": 20, ""kill_drawdown"": 0.5, ""lookback"": 48, ""rsi_length"": 30, ""rsi_level"": 50.0, ""stop_atr"": 2.0, ""target_atr"": 2, ""type"": ""breakout_bracket""}"
2026-10-02T14:01:50Z,i001,2,feasibility,grid,breakout_bracket grid 1d,249b1db7efa06429,1d,-0.362367868532323,,"full history 2019-2026, holdout included (pre-journal)","{""allow_short"": true, ""atr_length"": 30, ""cooldown_loss"": 5, ""cooldown_win"": 20, ""kill_drawdown"": 0.5, ""lookback"": 48, ""rsi_length"": 30, ""rsi_level"": 50.0, ""stop_atr"": 2.0, ""target_atr"": 2, ""type"": ""breakout_bracket""}"
2026-10-02T14:01:51Z,,0,screen,screen,adx_trend (1d),e7a2a509d903279e,1d,0.45665262464387424,,"full history 2019-2026, holdout included (pre-journal)","{""allow_short"": true, ""length"": 14, ""ma_length"": 0, ""threshold"": 25.0, ""type"": ""adx_trend""}"
2026-10-02T14:01:51Z,,0,screen,screen,bollinger_breakout (1d),8b628cbce8af3dce,1d,0.2517196811963656,,"full history 2019-2026, holdout included (pre-journal)","{""allow_short"": true, ""length"": 20, ""mult"": 2.0, ""type"": ""bollinger_breakout""}"
2026-10-02T14:01:51Z,,0,screen,screen,bollinger_reversion (1d),6b614b401f22f265,1d,-0.30804001060494657,,"full history 2019-2026, holdout included (pre-journal)","{""allow_short"": true, ""length"": 20, ""mult"": 2.0, ""trend_filter"": 0, ""type"": ""bollinger_reversion""}"
2026-10-02T14:01:51Z,,0,screen,screen,carver_breakout (1d),1363f35df14f6265,1d,0.41677177761702855,,"full history 2019-2026, holdout included (pre-journal)","{""allow_short"": true, ""lookback"": 80, ""type"": ""carver_breakout""}"
2026-10-02T14:01:51Z,,0,screen,screen,donchian_breakout (1d),79348afa63ebe751,1d,0.39571211250755567,,"full history 2019-2026, holdout included (pre-journal)","{""allow_short"": true, ""entry"": 20, ""exit"": 10, ""type"": ""donchian_breakout""}"
2026-10-02T14:01:51Z,,0,screen,screen,ewmac (1d),552b26e541cdcbb3,1d,0.41715157767783395,,"full history 2019-2026, holdout included (pre-journal)","{""allow_short"": true, ""fast"": 16, ""slow"": 64, ""type"": ""ewmac"", ""vol_days"": 25.0}"
2026-10-02T14:01:51Z,,0,screen,screen,funding_carry (1d),0d8fbb1937ac499d,1d,-0.3583661468877807,,"full history 2019-2026, holdout included (pre-journal)","{""allow_short"": true, ""span_days"": 30.0, ""type"": ""funding_carry"", ""vol_days"": 25.0}"
2026-10-02T14:01:51Z,,0,screen,screen,keltner_breakout (1d),2bcd19cc53614357,1d,0.3807054242055459,,"full history 2019-2026, holdout included (pre-journal)","{""allow_short"": true, ""length"": 20, ""mult"": 2.0, ""type"": ""keltner_breakout""}"
2026-10-02T14:01:51Z,,0,screen,screen,ma_crossover (1d),08f622aa95210610,1d,0.40624529488384997,,"full history 2019-2026, holdout included (pre-journal)","{""allow_short"": true, ""fast"": 20, ""kind"": ""sma"", ""slow"": 100, ""type"": ""ma_crossover""}"
2026-10-02T14:01:51Z,,0,screen,screen,macd (1d),fb3453064052a193,1d,0.2549525300629674,,"full history 2019-2026, holdout included (pre-journal)","{""allow_short"": true, ""fast"": 12, ""mode"": ""signal"", ""signal"": 9, ""slow"": 26, ""type"": ""macd""}"
2026-10-02T14:01:51Z,,0,screen,screen,momentum (1d),1d9629ea97dc9951,1d,0.3298563231873024,,"full history 2019-2026, holdout included (pre-journal)","{""allow_short"": true, ""lookback"": 20, ""type"": ""momentum""}"
2026-10-02T14:01:51Z,,0,screen,screen,parabolic_sar (1d),859d3664ea70b207,1d,0.0641278190489666,,"full history 2019-2026, holdout included (pre-journal)","{""allow_short"": true, ""max_step"": 0.2, ""step"": 0.02, ""type"": ""parabolic_sar""}"
2026-10-02T14:01:51Z,,0,screen,screen,rsi_reversion (1d),84efd7b2174d26a9,1d,-0.337969620841883,,"full history 2019-2026, holdout included (pre-journal)","{""allow_short"": true, ""exit_level"": 50.0, ""length"": 14, ""lower"": 30.0, ""trend_filter"": 0, ""type"": ""rsi_reversion"", ""upper"": 70.0}"
2026-10-02T14:01:51Z,,0,screen,screen,spec:carver_trend (1d),2eb8c73a7e9c1433,1d,0.31947656168107474,,"full history 2019-2026, holdout included (pre-journal)","{""annual_vol"": 0.25, ""max_leverage"": 1.0, ""strategy"": {""multiplier"": 1.2, ""strategies"": [{""allow_short"": true, ""fast"": 8, ""slow"": 32, ""type"": ""ewmac"", ""vol_days"": 25.0}, {""allow_short"": true, ""fast"": 16, ""slow"": 64, ""type"": ""ewmac"", ""vol_days"": 25.0}, {""allow_short"": true, ""fast"": 32, ""slow"": 128, ""type"": ""ewmac"", ""vol_days"": 25.0}, {""allow_short"": true, ""lookback"": 40, ""type"": ""carver_breakout""}, {""allow_short"": true, ""lookback"": 80, ""type"": ""carver_breakout""}, {""allow_short"": true, ""lookback"": 160, ""type"": ""carver_breakout""}], ""type"": ""combine"", ""weights"": []}, ""type"": ""vol_target"", ""vol_days"": 25.0}"
2026-10-02T14:01:51Z,,0,screen,screen,spec:carver_trend_carry (1d),2695b6507f934c5f,1d,0.10821641229727674,,"full history 2019-2026, holdout included (pre-journal)","{""annual_vol"": 0.25, ""max_leverage"": 1.0, ""strategy"": {""multiplier"": 1.3, ""strategies"": [{""allow_short"": true, ""fast"": 16, ""slow"": 64, ""type"": ""ewmac"", ""vol_days"": 25.0}, {""allow_short"": true, ""lookback"": 80, ""type"": ""carver_breakout""}, {""allow_short"": true, ""span_days"": 30, ""type"": ""funding_carry"", ""vol_days"": 25.0}], ""type"": ""combine"", ""weights"": [0.35, 0.35, 0.3]}, ""type"": ""vol_target"", ""vol_days"": 25.0}"
2026-10-02T14:01:51Z,,0,screen,screen,spec:connors_rsi2 (1d),92123e190ef38f7d,1d,0.30764820103112495,,"full history 2019-2026, holdout included (pre-journal)","{""allow_short"": false, ""exit_level"": 50, ""length"": 2, ""lower"": 10, ""trend_filter"": 200, ""type"": ""rsi_reversion"", ""upper"": 90}"
2026-10-02T14:01:51Z,,0,screen,screen,spec:turtle_55_20 (1d),4abcf966b2247630,1d,0.3701769455885159,,"full history 2019-2026, holdout included (pre-journal)","{""annual_vol"": 0.25, ""max_leverage"": 1.0, ""strategy"": {""allow_short"": true, ""entry"": 55, ""exit"": 20, ""type"": ""donchian_breakout""}, ""type"": ""vol_target"", ""vol_days"": 25.0}"
2026-10-02T14:01:51Z,,0,screen,screen,supertrend (1d),5e1d614f47b5dedb,1d,0.32357010510329187,,"full history 2019-2026, holdout included (pre-journal)","{""allow_short"": true, ""length"": 10, ""mult"": 3.0, ""type"": ""supertrend""}"
2026-10-02T14:01:51Z,,0,screen,screen,"adx_trend (1d, vol target 25%)",ea13f72060d10c45,1d,0.43064189446672546,,"full history 2019-2026, holdout included (pre-journal)","{""annual_vol"": 0.25, ""max_leverage"": 1.0, ""strategy"": {""allow_short"": true, ""length"": 14, ""ma_length"": 0, ""threshold"": 25.0, ""type"": ""adx_trend""}, ""type"": ""vol_target"", ""vol_days"": 25.0}"
2026-10-02T14:01:51Z,,0,screen,screen,"bollinger_breakout (1d, vol target 25%)",171533323f4cb43b,1d,0.44801896573934163,,"full history 2019-2026, holdout included (pre-journal)","{""annual_vol"": 0.25, ""max_leverage"": 1.0, ""strategy"": {""allow_short"": true, ""length"": 20, ""mult"": 2.0, ""type"": ""bollinger_breakout""}, ""type"": ""vol_target"", ""vol_days"": 25.0}"
2026-10-02T14:01:51Z,,0,screen,screen,"bollinger_reversion (1d, vol target 25%)",aa7a5ba9475f4fe1,1d,-0.5354952382437548,,"full history 2019-2026, holdout included (pre-journal)","{""annual_vol"": 0.25, ""max_leverage"": 1.0, ""strategy"": {""allow_short"": true, ""length"": 20, ""mult"": 2.0, ""trend_filter"": 0, ""type"": ""bollinger_reversion""}, ""type"": ""vol_target"", ""vol_days"": 25.0}"
2026-10-02T14:01:51Z,,0,screen,screen,"carver_breakout (1d, vol target 25%)",f83dcde050d36baf,1d,0.12222649144512071,,"full history 2019-2026, holdout included (pre-journal)","{""annual_vol"": 0.25, ""max_leverage"": 1.0, ""strategy"": {""allow_short"": true, ""lookback"": 80, ""type"": ""carver_breakout""}, ""type"": ""vol_target"", ""vol_days"": 25.0}"
2026-10-02T14:01:51Z,,0,screen,screen,"donchian_breakout (1d, vol target 25%)",bc65fc39ffd340be,1d,0.37136225582073346,,"full history 2019-2026, holdout included (pre-journal)","{""annual_vol"": 0.25, ""max_leverage"": 1.0, ""strategy"": {""allow_short"": true, ""entry"": 20, ""exit"": 10, ""type"": ""donchian_breakout""}, ""type"": ""vol_target"", ""vol_days"": 25.0}"
2026-10-02T14:01:51Z,,0,screen,screen,"ewmac (1d, vol target 25%)",b9e875ca0ecb6ef8,1d,0.23221542661299385,,"full history 2019-2026, holdout included (pre-journal)","{""annual_vol"": 0.25, ""max_leverage"": 1.0, ""strategy"": {""allow_short"": true, ""fast"": 16, ""slow"": 64, ""type"": ""ewmac"", ""vol_days"": 25.0}, ""type"": ""vol_target"", ""vol_days"": 25.0}"
2026-10-02T14:01:51Z,,0,screen,screen,"funding_carry (1d, vol target 25%)",8330ca1358021e18,1d,-0.3985396057786033,,"full history 2019-2026, holdout included (pre-journal)","{""annual_vol"": 0.25, ""max_leverage"": 1.0, ""strategy"": {""allow_short"": true, ""span_days"": 30.0, ""type"": ""funding_carry"", ""vol_days"": 25.0}, ""type"": ""vol_target"", ""vol_days"": 25.0}"
2026-10-02T14:01:51Z,,0,screen,screen,"keltner_breakout (1d, vol target 25%)",414c818a225240f9,1d,0.5378704852347164,,"full history 2019-2026, holdout included (pre-journal)","{""annual_vol"": 0.25, ""max_leverage"": 1.0, ""strategy"": {""allow_short"": true, ""length"": 20, ""mult"": 2.0, ""type"": ""keltner_breakout""}, ""type"": ""vol_target"", ""vol_days"": 25.0}"
2026-10-02T14:01:51Z,,0,screen,screen,"ma_crossover (1d, vol target 25%)",77b7eb678a9cc81e,1d,0.14615564173788742,,"full history 2019-2026, holdout included (pre-journal)","{""annual_vol"": 0.25, ""max_leverage"": 1.0, ""strategy"": {""allow_short"": true, ""fast"": 20, ""kind"": ""sma"", ""slow"": 100, ""type"": ""ma_crossover""}, ""type"": ""vol_target"", ""vol_days"": 25.0}"
2026-10-02T14:01:51Z,,0,screen,screen,"macd (1d, vol target 25%)",ea007de0064987f1,1d,0.37347142933044264,,"full history 2019-2026, holdout included (pre-journal)","{""annual_vol"": 0.25, ""max_leverage"": 1.0, ""strategy"": {""allow_short"": true, ""fast"": 12, ""mode"": ""signal"", ""signal"": 9, ""slow"": 26, ""type"": ""macd""}, ""type"": ""vol_target"", ""vol_days"": 25.0}"
2026-10-02T14:01:51Z,,0,screen,screen,"momentum (1d, vol target 25%)",ce1e118071d1ce3c,1d,0.4760673436949338,,"full history 2019-2026, holdout included (pre-journal)","{""annual_vol"": 0.25, ""max_leverage"": 1.0, ""strategy"": {""allow_short"": true, ""lookback"": 20, ""type"": ""momentum""}, ""type"": ""vol_target"", ""vol_days"": 25.0}"
2026-10-02T14:01:51Z,,0,screen,screen,"parabolic_sar (1d, vol target 25%)",4815c3a48d64c0d0,1d,0.202856264550062,,"full history 2019-2026, holdout included (pre-journal)","{""annual_vol"": 0.25, ""max_leverage"": 1.0, ""strategy"": {""allow_short"": true, ""max_step"": 0.2, ""step"": 0.02, ""type"": ""parabolic_sar""}, ""type"": ""vol_target"", ""vol_days"": 25.0}"
2026-10-02T14:01:51Z,,0,screen,screen,"rsi_reversion (1d, vol target 25%)",5825ff8654303590,1d,-0.44881467995094393,,"full history 2019-2026, holdout included (pre-journal)","{""annual_vol"": 0.25, ""max_leverage"": 1.0, ""strategy"": {""allow_short"": true, ""exit_level"": 50.0, ""length"": 14, ""lower"": 30.0, ""trend_filter"": 0, ""type"": ""rsi_reversion"", ""upper"": 70.0}, ""type"": ""vol_target"", ""vol_days"": 25.0}"
2026-10-02T14:01:51Z,,0,screen,screen,"spec:carver_trend (1d, vol target 25%)",2eb8c73a7e9c1433,1d,0.31947656168107474,,"full history 2019-2026, holdout included (pre-journal)","{""annual_vol"": 0.25, ""max_leverage"": 1.0, ""strategy"": {""multiplier"": 1.2, ""strategies"": [{""allow_short"": true, ""fast"": 8, ""slow"": 32, ""type"": ""ewmac"", ""vol_days"": 25.0}, {""allow_short"": true, ""fast"": 16, ""slow"": 64, ""type"": ""ewmac"", ""vol_days"": 25.0}, {""allow_short"": true, ""fast"": 32, ""slow"": 128, ""type"": ""ewmac"", ""vol_days"": 25.0}, {""allow_short"": true, ""lookback"": 40, ""type"": ""carver_breakout""}, {""allow_short"": true, ""lookback"": 80, ""type"": ""carver_breakout""}, {""allow_short"": true, ""lookback"": 160, ""type"": ""carver_breakout""}], ""type"": ""combine"", ""weights"": []}, ""type"": ""vol_target"", ""vol_days"": 25.0}"
2026-10-02T14:01:51Z,,0,screen,screen,"spec:carver_trend_carry (1d, vol target 25%)",2695b6507f934c5f,1d,0.10821641229727674,,"full history 2019-2026, holdout included (pre-journal)","{""annual_vol"": 0.25, ""max_leverage"": 1.0, ""strategy"": {""multiplier"": 1.3, ""strategies"": [{""allow_short"": true, ""fast"": 16, ""slow"": 64, ""type"": ""ewmac"", ""vol_days"": 25.0}, {""allow_short"": true, ""lookback"": 80, ""type"": ""carver_breakout""}, {""allow_short"": true, ""span_days"": 30, ""type"": ""funding_carry"", ""vol_days"": 25.0}], ""type"": ""combine"", ""weights"": [0.35, 0.35, 0.3]}, ""type"": ""vol_target"", ""vol_days"": 25.0}"
2026-10-02T14:01:51Z,,0,screen,screen,"spec:connors_rsi2 (1d, vol target 25%)",cba46962bd213c5f,1d,0.284027211095053,,"full history 2019-2026, holdout included (pre-journal)","{""annual_vol"": 0.25, ""max_leverage"": 1.0, ""strategy"": {""allow_short"": false, ""exit_level"": 50, ""length"": 2, ""lower"": 10, ""trend_filter"": 200, ""type"": ""rsi_reversion"", ""upper"": 90}, ""type"": ""vol_target"", ""vol_days"": 25.0}"
2026-10-02T14:01:51Z,,0,screen,screen,"spec:turtle_55_20 (1d, vol target 25%)",4abcf966b2247630,1d,0.3701769455885159,,"full history 2019-2026, holdout included (pre-journal)","{""annual_vol"": 0.25, ""max_leverage"": 1.0, ""strategy"": {""allow_short"": true, ""entry"": 55, ""exit"": 20, ""type"": ""donchian_breakout""}, ""type"": ""vol_target"", ""vol_days"": 25.0}"
2026-10-02T14:01:51Z,,0,screen,screen,"supertrend (1d, vol target 25%)",f4ceea6f2da07ca0,1d,0.2554751774347451,,"full history 2019-2026, holdout included (pre-journal)","{""annual_vol"": 0.25, ""max_leverage"": 1.0, ""strategy"": {""allow_short"": true, ""length"": 10, ""mult"": 3.0, ""type"": ""supertrend""}, ""type"": ""vol_target"", ""vol_days"": 25.0}"
2026-10-02T14:01:52Z,,0,screen,screen,"adx_trend (4h, vol target 25%)",ea13f72060d10c45,4h,0.47834288418159443,,"full history 2019-2026, holdout included (pre-journal)","{""annual_vol"": 0.25, ""max_leverage"": 1.0, ""strategy"": {""allow_short"": true, ""length"": 14, ""ma_length"": 0, ""threshold"": 25.0, ""type"": ""adx_trend""}, ""type"": ""vol_target"", ""vol_days"": 25.0}"
2026-10-02T14:01:52Z,,0,screen,screen,"bollinger_breakout (4h, vol target 25%)",171533323f4cb43b,4h,0.5296791689846367,,"full history 2019-2026, holdout included (pre-journal)","{""annual_vol"": 0.25, ""max_leverage"": 1.0, ""strategy"": {""allow_short"": true, ""length"": 20, ""mult"": 2.0, ""type"": ""bollinger_breakout""}, ""type"": ""vol_target"", ""vol_days"": 25.0}"
2026-10-02T14:01:52Z,,0,screen,screen,"bollinger_reversion (4h, vol target 25%)",aa7a5ba9475f4fe1,4h,-0.9917451274919584,,"full history 2019-2026, holdout included (pre-journal)","{""annual_vol"": 0.25, ""max_leverage"": 1.0, ""strategy"": {""allow_short"": true, ""length"": 20, ""mult"": 2.0, ""trend_filter"": 0, ""type"": ""bollinger_reversion""}, ""type"": ""vol_target"", ""vol_days"": 25.0}"
2026-10-02T14:01:52Z,,0,screen,screen,"carver_breakout (4h, vol target 25%)",f83dcde050d36baf,4h,0.7569554401687817,,"full history 2019-2026, holdout included (pre-journal)","{""annual_vol"": 0.25, ""max_leverage"": 1.0, ""strategy"": {""allow_short"": true, ""lookback"": 80, ""type"": ""carver_breakout""}, ""type"": ""vol_target"", ""vol_days"": 25.0}"
2026-10-02T14:01:52Z,,0,screen,screen,"donchian_breakout (4h, vol target 25%)",bc65fc39ffd340be,4h,0.4994284926624676,,"full history 2019-2026, holdout included (pre-journal)","{""annual_vol"": 0.25, ""max_leverage"": 1.0, ""strategy"": {""allow_short"": true, ""entry"": 20, ""exit"": 10, ""type"": ""donchian_breakout""}, ""type"": ""vol_target"", ""vol_days"": 25.0}"
2026-10-02T14:01:52Z,,0,screen,screen,"ewmac (4h, vol target 25%)",b9e875ca0ecb6ef8,4h,0.7644349263020704,,"full history 2019-2026, holdout included (pre-journal)","{""annual_vol"": 0.25, ""max_leverage"": 1.0, ""strategy"": {""allow_short"": true, ""fast"": 16, ""slow"": 64, ""type"": ""ewmac"", ""vol_days"": 25.0}, ""type"": ""vol_target"", ""vol_days"": 25.0}"
2026-10-02T14:01:52Z,,0,screen,screen,"funding_carry (4h, vol target 25%)",8330ca1358021e18,4h,-0.2829699980038576,,"full history 2019-2026, holdout included (pre-journal)","{""annual_vol"": 0.25, ""max_leverage"": 1.0, ""strategy"": {""allow_short"": true, ""span_days"": 30.0, ""type"": ""funding_carry"", ""vol_days"": 25.0}, ""type"": ""vol_target"", ""vol_days"": 25.0}"
2026-10-02T14:01:52Z,,0,screen,screen,"keltner_breakout (4h, vol target 25%)",414c818a225240f9,4h,0.6934550137475965,,"full history 2019-2026, holdout included (pre-journal)","{""annual_vol"": 0.25, ""max_leverage"": 1.0, ""strategy"": {""allow_short"": true, ""length"": 20, ""mult"": 2.0, ""type"": ""keltner_breakout""}, ""type"": ""vol_target"", ""vol_days"": 25.0}"
2026-10-02T14:01:52Z,,0,screen,screen,"ma_crossover (4h, vol target 25%)",77b7eb678a9cc81e,4h,0.611821185629827,,"full history 2019-2026, holdout included (pre-journal)","{""annual_vol"": 0.25, ""max_leverage"": 1.0, ""strategy"": {""allow_short"": true, ""fast"": 20, ""kind"": ""sma"", ""slow"": 100, ""type"": ""ma_crossover""}, ""type"": ""vol_target"", ""vol_days"": 25.0}"
2026-10-02T14:01:52Z,,0,screen,screen,"macd (4h, vol target 25%)",ea007de0064987f1,4h,0.1489359739446346,,"full history 2019-2026, holdout included (pre-journal)","{""annual_vol"": 0.25, ""max_leverage"": 1.0, ""strategy"": {""allow_short"": true, ""fast"": 12, ""mode"": ""signal"", ""signal"": 9, ""slow"": 26, ""type"": ""macd""}, ""type"": ""vol_target"", ""vol_days"": 25.0}"
2026-10-02T14:01:52Z,,0,screen,screen,"momentum (4h, vol target 25%)",ce1e118071d1ce3c,4h,0.14881790623389202,,"full history 2019-2026, holdout included (pre-journal)","{""annual_vol"": 0.25, ""max_leverage"": 1.0, ""strategy"": {""allow_short"": true, ""lookback"": 20, ""type"": ""momentum""}, ""type"": ""vol_target"", ""vol_days"": 25.0}"
2026-10-02T14:01:52Z,,0,screen,screen,"parabolic_sar (4h, vol target 25%)",4815c3a48d64c0d0,4h,0.029579236832708154,,"full history 2019-2026, holdout included (pre-journal)","{""annual_vol"": 0.25, ""max_leverage"": 1.0, ""strategy"": {""allow_short"": true, ""max_step"": 0.2, ""step"": 0.02, ""type"": ""parabolic_sar""}, ""type"": ""vol_target"", ""vol_days"": 25.0}"
2026-10-02T14:01:52Z,,0,screen,screen,"rsi_reversion (4h, vol target 25%)",5825ff8654303590,4h,-0.8637607156770803,,"full history 2019-2026, holdout included (pre-journal)","{""annual_vol"": 0.25, ""max_leverage"": 1.0, ""strategy"": {""allow_short"": true, ""exit_level"": 50.0, ""length"": 14, ""lower"": 30.0, ""trend_filter"": 0, ""type"": ""rsi_reversion"", ""upper"": 70.0}, ""type"": ""vol_target"", ""vol_days"": 25.0}"
2026-10-02T14:01:52Z,,0,screen,screen,"spec:carver_trend (4h, vol target 25%)",2eb8c73a7e9c1433,4h,0.8397889921927214,,"full history 2019-2026, holdout included (pre-journal)","{""annual_vol"": 0.25, ""max_leverage"": 1.0, ""strategy"": {""multiplier"": 1.2, ""strategies"": [{""allow_short"": true, ""fast"": 8, ""slow"": 32, ""type"": ""ewmac"", ""vol_days"": 25.0}, {""allow_short"": true, ""fast"": 16, ""slow"": 64, ""type"": ""ewmac"", ""vol_days"": 25.0}, {""allow_short"": true, ""fast"": 32, ""slow"": 128, ""type"": ""ewmac"", ""vol_days"": 25.0}, {""allow_short"": true, ""lookback"": 40, ""type"": ""carver_breakout""}, {""allow_short"": true, ""lookback"": 80, ""type"": ""carver_breakout""}, {""allow_short"": true, ""lookback"": 160, ""type"": ""carver_breakout""}], ""type"": ""combine"", ""weights"": []}, ""type"": ""vol_target"", ""vol_days"": 25.0}"
2026-10-02T14:01:52Z,,0,screen,screen,"spec:carver_trend_carry (4h, vol target 25%)",2695b6507f934c5f,4h,0.597084257061904,,"full history 2019-2026, holdout included (pre-journal)","{""annual_vol"": 0.25, ""max_leverage"": 1.0, ""strategy"": {""multiplier"": 1.3, ""strategies"": [{""allow_short"": true, ""fast"": 16, ""slow"": 64, ""type"": ""ewmac"", ""vol_days"": 25.0}, {""allow_short"": true, ""lookback"": 80, ""type"": ""carver_breakout""}, {""allow_short"": true, ""span_days"": 30, ""type"": ""funding_carry"", ""vol_days"": 25.0}], ""type"": ""combine"", ""weights"": [0.35, 0.35, 0.3]}, ""type"": ""vol_target"", ""vol_days"": 25.0}"
2026-10-02T14:01:52Z,,0,screen,screen,"spec:connors_rsi2 (4h, vol target 25%)",cba46962bd213c5f,4h,0.029710950889993253,,"full history 2019-2026, holdout included (pre-journal)","{""annual_vol"": 0.25, ""max_leverage"": 1.0, ""strategy"": {""allow_short"": false, ""exit_level"": 50, ""length"": 2, ""lower"": 10, ""trend_filter"": 200, ""type"": ""rsi_reversion"", ""upper"": 90}, ""type"": ""vol_target"", ""vol_days"": 25.0}"
2026-10-02T14:01:52Z,,0,screen,screen,"spec:turtle_55_20 (4h, vol target 25%)",4abcf966b2247630,4h,0.35184870066420426,,"full history 2019-2026, holdout included (pre-journal)","{""annual_vol"": 0.25, ""max_leverage"": 1.0, ""strategy"": {""allow_short"": true, ""entry"": 55, ""exit"": 20, ""type"": ""donchian_breakout""}, ""type"": ""vol_target"", ""vol_days"": 25.0}"
2026-10-02T14:01:52Z,,0,screen,screen,"supertrend (4h, vol target 25%)",f4ceea6f2da07ca0,4h,0.469416153189933,,"full history 2019-2026, holdout included (pre-journal)","{""annual_vol"": 0.25, ""max_leverage"": 1.0, ""strategy"": {""allow_short"": true, ""length"": 10, ""mult"": 3.0, ""type"": ""supertrend""}, ""type"": ""vol_target"", ""vol_days"": 25.0}"
2026-10-02T14:14:34Z,,0,screen,screen,"ewmac 8/64 (1d, BTC+ETH grid tooling check)",d0615c1dca2e51d6,1d,0.47,,"full history 2019-2026, holdout included (tooling check, 2026-10-02)","{""fast"": 8, ""slow"": 64, ""type"": ""ewmac""}"
2026-10-02T14:14:34Z,,0,screen,screen,"ewmac 8/128 (1d, BTC+ETH grid tooling check)",d50c24bc6c14f5ca,1d,0.39,,"full history 2019-2026, holdout included (tooling check, 2026-10-02)","{""fast"": 8, ""slow"": 128, ""type"": ""ewmac""}"
2026-10-02T14:14:34Z,,0,screen,screen,"ewmac 16/128 (1d, BTC+ETH grid tooling check)",557656a01932db2c,1d,0.37,,"full history 2019-2026, holdout included (tooling check, 2026-10-02)","{""fast"": 16, ""slow"": 128, ""type"": ""ewmac""}"
2026-10-02T14:52:57Z,,0,screen,screen,"ewmac vol target 25% grid (4h, sandbox tooling check)",c00ca89f7f8a5b74,4h,0.8554285877258304,,"development data before 2025-05-01 (sandbox tooling check, 2026-10-02)","{""annual_vol"": 0.25, ""strategy"": {""fast"": 8, ""slow"": 64, ""type"": ""ewmac""}, ""type"": ""vol_target""}"
2026-10-02T14:52:57Z,,0,screen,screen,"ewmac vol target 25% grid (4h, sandbox tooling check)",672a6fda931cdd81,4h,0.8168006516319092,,"development data before 2025-05-01 (sandbox tooling check, 2026-10-02)","{""annual_vol"": 0.25, ""strategy"": {""fast"": 8, ""slow"": 128, ""type"": ""ewmac""}, ""type"": ""vol_target""}"
2026-10-02T14:52:57Z,,0,screen,screen,"ewmac vol target 25% grid (4h, sandbox tooling check)",7efca34ac8a7ce24,4h,0.6605561107446819,,"development data before 2025-05-01 (sandbox tooling check, 2026-10-02)","{""annual_vol"": 0.25, ""strategy"": {""fast"": 8, ""slow"": 256, ""type"": ""ewmac""}, ""type"": ""vol_target""}"
2026-10-02T14:52:57Z,,0,screen,screen,"ewmac vol target 25% grid (4h, sandbox tooling check)",cc827d85050120d0,4h,0.7688806311254952,,"development data before 2025-05-01 (sandbox tooling check, 2026-10-02)","{""annual_vol"": 0.25, ""strategy"": {""fast"": 16, ""slow"": 128, ""type"": ""ewmac""}, ""type"": ""vol_target""}"
2026-10-02T14:52:57Z,,0,screen,screen,"ewmac vol target 25% grid (4h, sandbox tooling check)",2bbab2f8337dbd9a,4h,0.6591498933094115,,"development data before 2025-05-01 (sandbox tooling check, 2026-10-02)","{""annual_vol"": 0.25, ""strategy"": {""fast"": 16, ""slow"": 256, ""type"": ""ewmac""}, ""type"": ""vol_target""}"
2026-10-02T14:52:57Z,,0,screen,screen,"ewmac vol target 25% grid (4h, sandbox tooling check)",d4ba5abe238c29fb,4h,0.754664843005064,,"development data before 2025-05-01 (sandbox tooling check, 2026-10-02)","{""annual_vol"": 0.25, ""strategy"": {""fast"": 32, ""slow"": 64, ""type"": ""ewmac""}, ""type"": ""vol_target""}"
2026-10-02T14:52:57Z,,0,screen,screen,"ewmac vol target 25% grid (4h, sandbox tooling check)",ef6de4689ef47da0,4h,0.6807041961677519,,"development data before 2025-05-01 (sandbox tooling check, 2026-10-02)","{""annual_vol"": 0.25, ""strategy"": {""fast"": 32, ""slow"": 128, ""type"": ""ewmac""}, ""type"": ""vol_target""}"
2026-10-02T14:52:57Z,,0,screen,screen,"ewmac vol target 25% grid (4h, sandbox tooling check)",d77fc43c02333825,4h,0.6026812543279654,,"development data before 2025-05-01 (sandbox tooling check, 2026-10-02)","{""annual_vol"": 0.25, ""strategy"": {""fast"": 32, ""slow"": 256, ""type"": ""ewmac""}, ""type"": ""vol_target""}"
2026-10-02T14:52:57Z,,0,screen,screen,"ewmac grid (4h, tooling smoke test)",d0615c1dca2e51d6,4h,,,"development data before 2025-05-01 (tooling smoke test, 2026-10-02)","{""fast"": 8, ""slow"": 64, ""type"": ""ewmac""}"
2026-10-02T14:52:57Z,,0,screen,screen,"ewmac grid (4h, tooling smoke test)",d50c24bc6c14f5ca,4h,,,"development data before 2025-05-01 (tooling smoke test, 2026-10-02)","{""fast"": 8, ""slow"": 128, ""type"": ""ewmac""}"
2026-10-02T14:52:57Z,,0,screen,screen,"ewmac grid (4h, tooling smoke test)",d4de6a212045fbe2,4h,,,"development data before 2025-05-01 (tooling smoke test, 2026-10-02)","{""fast"": 8, ""slow"": 256, ""type"": ""ewmac""}"
2026-10-02T14:52:57Z,,0,screen,screen,"ewmac grid (4h, tooling smoke test)",552b26e541cdcbb3,4h,,,"development data before 2025-05-01 (tooling smoke test, 2026-10-02)","{""fast"": 16, ""slow"": 64, ""type"": ""ewmac""}"
2026-10-02T14:52:57Z,,0,screen,screen,"ewmac grid (4h, tooling smoke test)",557656a01932db2c,4h,,,"development data before 2025-05-01 (tooling smoke test, 2026-10-02)","{""fast"": 16, ""slow"": 128, ""type"": ""ewmac""}"
2026-10-02T14:52:57Z,,0,screen,screen,"ewmac grid (4h, tooling smoke test)",e21cf123c295326e,4h,,,"development data before 2025-05-01 (tooling smoke test, 2026-10-02)","{""fast"": 16, ""slow"": 256, ""type"": ""ewmac""}"
2026-10-02T14:52:57Z,,0,screen,screen,"ewmac grid (4h, tooling smoke test)",bc3765b9fcb5f77e,4h,,,"development data before 2025-05-01 (tooling smoke test, 2026-10-02)","{""fast"": 32, ""slow"": 64, ""type"": ""ewmac""}"
2026-10-02T14:52:57Z,,0,screen,screen,"ewmac grid (4h, tooling smoke test)",f5a31a298ac37fd9,4h,,,"development data before 2025-05-01 (tooling smoke test, 2026-10-02)","{""fast"": 32, ""slow"": 128, ""type"": ""ewmac""}"
2026-10-02T14:52:57Z,,0,screen,screen,"ewmac grid (4h, tooling smoke test)",488d7439ae05b925,4h,,,"development data before 2025-05-01 (tooling smoke test, 2026-10-02)","{""fast"": 32, ""slow"": 256, ""type"": ""ewmac""}"
2026-10-02T15:37:28Z,i002,1,feasibility,grid,i002 v1,26546f9d1bdbfb48,4h,-0.6420910297631807,11542,"dev, before 2025-05-01","{""allow_short"": true, ""hold_bars"": 3, ""type"": ""i002_shock_fade"", ""vol_days"": 25.0, ""z_entry"": 2.5}"
2026-10-02T15:37:28Z,i002,1,feasibility,grid,i002 v1,c7cf99fefbe3156f,4h,-0.26101732429718694,11542,"dev, before 2025-05-01","{""allow_short"": true, ""hold_bars"": 6, ""type"": ""i002_shock_fade"", ""vol_days"": 25.0, ""z_entry"": 2.5}"
2026-10-02T15:37:28Z,i002,1,feasibility,grid,i002 v1,d1a03e791be75b0b,4h,-0.4724770853691578,11542,"dev, before 2025-05-01","{""allow_short"": true, ""hold_bars"": 12, ""type"": ""i002_shock_fade"", ""vol_days"": 25.0, ""z_entry"": 2.5}"
2026-10-02T15:37:28Z,i002,1,feasibility,grid,i002 v1,e4eb39dad4e95662,4h,-0.6030803217187958,11542,"dev, before 2025-05-01","{""allow_short"": true, ""hold_bars"": 3, ""type"": ""i002_shock_fade"", ""vol_days"": 25.0, ""z_entry"": 3.0}"
2026-10-02T15:37:28Z,i002,1,feasibility,grid,i002 v1,258593b6a590b826,4h,-0.29225382891406404,11542,"dev, before 2025-05-01","{""allow_short"": true, ""hold_bars"": 6, ""type"": ""i002_shock_fade"", ""vol_days"": 25.0, ""z_entry"": 3.0}"
2026-10-02T15:37:28Z,i002,1,feasibility,grid,i002 v1,9eb35c86c07ec80b,4h,-0.6009189836000496,11542,"dev, before 2025-05-01","{""allow_short"": true, ""hold_bars"": 12, ""type"": ""i002_shock_fade"", ""vol_days"": 25.0, ""z_entry"": 3.0}"
2026-10-02T15:37:28Z,i002,1,feasibility,grid,i002 v1,3dcdd36778df7492,4h,-0.39601247157803243,11542,"dev, before 2025-05-01","{""allow_short"": true, ""hold_bars"": 3, ""type"": ""i002_shock_fade"", ""vol_days"": 25.0, ""z_entry"": 3.5}"
2026-10-02T15:37:28Z,i002,1,feasibility,grid,i002 v1,0d43f2c6dbacd71b,4h,-0.14088204805988686,11542,"dev, before 2025-05-01","{""allow_short"": true, ""hold_bars"": 6, ""type"": ""i002_shock_fade"", ""vol_days"": 25.0, ""z_entry"": 3.5}"
2026-10-02T15:37:28Z,i002,1,feasibility,grid,i002 v1,88ff24600ee5bdfe,4h,-0.39405344408580734,11542,"dev, before 2025-05-01","{""allow_short"": true, ""hold_bars"": 12, ""type"": ""i002_shock_fade"", ""vol_days"": 25.0, ""z_entry"": 3.5}"
2026-10-02T15:48:10Z,i002,2,feasibility,grid,i002 v2,fa54b114809ab138,4h,0.3135231626877669,11542,"dev, before 2025-05-01","{""allow_short"": false, ""hold_bars"": 3, ""type"": ""i002_shock_fade"", ""vol_days"": 25.0, ""z_entry"": 2.5}"
2026-10-02T15:48:10Z,i002,2,feasibility,grid,i002 v2,4f6ef91c425976d0,4h,0.7346051944434251,11542,"dev, before 2025-05-01","{""allow_short"": false, ""hold_bars"": 6, ""type"": ""i002_shock_fade"", ""vol_days"": 25.0, ""z_entry"": 2.5}"
2026-10-02T15:48:10Z,i002,2,feasibility,grid,i002 v2,f6c5ece299b1626e,4h,0.3223585530751193,11542,"dev, before 2025-05-01","{""allow_short"": false, ""hold_bars"": 12, ""type"": ""i002_shock_fade"", ""vol_days"": 25.0, ""z_entry"": 2.5}"
2026-10-02T15:48:10Z,i002,2,feasibility,grid,i002 v2,0c5e79d45060dc84,4h,0.14137926653824945,11542,"dev, before 2025-05-01","{""allow_short"": false, ""hold_bars"": 3, ""type"": ""i002_shock_fade"", ""vol_days"": 25.0, ""z_entry"": 3.0}"
2026-10-02T15:48:10Z,i002,2,feasibility,grid,i002 v2,c9847231836f04e0,4h,0.38743913965995636,11542,"dev, before 2025-05-01","{""allow_short"": false, ""hold_bars"": 6, ""type"": ""i002_shock_fade"", ""vol_days"": 25.0, ""z_entry"": 3.0}"
2026-10-02T15:48:10Z,i002,2,feasibility,grid,i002 v2,2bf8d496a67f0728,4h,0.10377777041639144,11542,"dev, before 2025-05-01","{""allow_short"": false, ""hold_bars"": 12, ""type"": ""i002_shock_fade"", ""vol_days"": 25.0, ""z_entry"": 3.0}"
2026-10-02T15:48:10Z,i002,2,feasibility,grid,i002 v2,e71e3713286c6b0f,4h,0.3647282337317609,11542,"dev, before 2025-05-01","{""allow_short"": false, ""hold_bars"": 3, ""type"": ""i002_shock_fade"", ""vol_days"": 25.0, ""z_entry"": 3.5}"
2026-10-02T15:48:10Z,i002,2,feasibility,grid,i002 v2,60c0dced6016f3e7,4h,0.48246094148836516,11542,"dev, before 2025-05-01","{""allow_short"": false, ""hold_bars"": 6, ""type"": ""i002_shock_fade"", ""vol_days"": 25.0, ""z_entry"": 3.5}"
2026-10-02T15:48:10Z,i002,2,feasibility,grid,i002 v2,2c5672eacccc9347,4h,0.3127195870284555,11542,"dev, before 2025-05-01","{""allow_short"": false, ""hold_bars"": 12, ""type"": ""i002_shock_fade"", ""vol_days"": 25.0, ""z_entry"": 3.5}"
2026-10-02T16:03:29Z,i003,1,feasibility,grid,i003 v1,b629be5ca25bfea1,1d,0.23858583126672073,1924,"dev, before 2025-05-01","{""annual_vol"": 0.25, ""max_leverage"": 1.0, ""strategy"": {""allow_short"": true, ""lookback"": 7, ""type"": ""momentum""}, ""type"": ""vol_target"", ""vol_days"": 25.0}"
2026-10-02T16:03:29Z,i003,1,feasibility,grid,i003 v1,b5cd1a2d9e0499b1,1d,0.7121444969825614,1924,"dev, before 2025-05-01","{""annual_vol"": 0.25, ""max_leverage"": 1.0, ""strategy"": {""allow_short"": true, ""lookback"": 14, ""type"": ""momentum""}, ""type"": ""vol_target"", ""vol_days"": 25.0}"
2026-10-02T16:03:29Z,i003,1,feasibility,grid,i003 v1,293a92281934d445,1d,0.5895578728599994,1924,"dev, before 2025-05-01","{""annual_vol"": 0.25, ""max_leverage"": 1.0, ""strategy"": {""allow_short"": true, ""lookback"": 28, ""type"": ""momentum""}, ""type"": ""vol_target"", ""vol_days"": 25.0}"
2026-10-02T16:03:29Z,i003,1,feasibility,grid,i003 v1,1a5459cdcf7b3c0d,1d,0.42307205996723407,1924,"dev, before 2025-05-01","{""annual_vol"": 0.25, ""max_leverage"": 1.0, ""strategy"": {""allow_short"": true, ""lookback"": 56, ""type"": ""momentum""}, ""type"": ""vol_target"", ""vol_days"": 25.0}"
2026-10-02T16:03:29Z,i003,1,feasibility,grid,i003 v1,64f1cecd65f97a4a,1d,0.5411700950326738,1924,"dev, before 2025-05-01","{""annual_vol"": 0.25, ""max_leverage"": 1.0, ""strategy"": {""allow_short"": true, ""lookback"": 112, ""type"": ""momentum""}, ""type"": ""vol_target"", ""vol_days"": 25.0}"
