z_entry,hold_bars,median_sharpe,min_sharpe,positive,median_cagr,worst_dd,trades_per_year,cost_drag,median_trades,killed,spec_hash
2.5,3,0.3135231626877669,-0.512934095691811,0.6,0.04781253852989997,-0.7486792182102804,25.935680724015675,0.041497089158425086,136.5,0.0,fa54b114809ab138
2.5,6,0.7346051944434251,-0.04462230496737895,0.8,0.2405724311538,-0.6372830121332069,24.742661333231986,0.039588258133171184,129.5,0.0,4f6ef91c425976d0
2.5,12,0.3223585530751193,-0.17368912185157284,0.8,0.04039120885182712,-0.6858237598639557,22.688249954960366,0.03630119992793658,119.5,0.0,f6c5ece299b1626e
3.0,3,0.14137926653824945,-0.4674341010079228,0.6,-0.0012703024284224096,-0.6830474200003558,14.795921060029613,0.02367347369604738,76.0,0.0,0c5e79d45060dc84
3.0,6,0.38743913965995636,-0.11292219886068629,0.9,0.08001411740541142,-0.6624261062141894,14.09767241737566,0.022556275867801057,73.5,0.0,c9847231836f04e0
3.0,12,0.10377777041639144,-0.2698690214429891,0.5,-0.008906221304369244,-0.7202126128493378,13.627393447418578,0.021803829515869726,69.0,0.0,2bf8d496a67f0728
3.5,3,0.3647282337317609,-0.20809043117700676,0.9,0.05798040666901205,-0.6791100360644277,9.834053809817547,0.015734486095708072,51.5,0.0,e71e3713286c6b0f
3.5,6,0.48246094148836516,0.0916668810355687,1.0,0.09528283260761128,-0.6704871223185823,9.366730266840829,0.014986768426945327,49.5,0.0,60c0dced6016f3e7
3.5,12,0.3127195870284555,-0.21147247596830004,0.9,0.05016954663811546,-0.7495512079144377,9.04693331530348,0.01447509330448557,47.5,0.0,2c5672eacccc9347
