,entry,exit,direction,bars,return,open,mae,mfe,mae_atr,mfe_atr,symbol
0,2019-10-27 22:00:00+00:00,2019-10-29 22:00:00+00:00,-1,48,0.021594612179809042,False,0.03287473463371907,0.056591017123861144,1.580350978974641,2.7204377559031,BTC
1,2019-12-01 22:00:00+00:00,2019-12-03 22:00:00+00:00,1,48,-0.008170657702920364,False,0.030987009213968523,0.009657900703096302,2.9207343549451017,0.9103221993901227,BTC
2,2020-02-09 22:00:00+00:00,2020-02-11 22:00:00+00:00,-1,48,-0.011589381442306437,False,0.031201646759082196,0.0362180014224891,6.076580922886055,7.053525674727272,BTC
3,2020-02-16 22:00:00+00:00,2020-02-18 22:00:00+00:00,1,48,0.03419123399160007,False,0.03142728454585472,0.051295437562059225,3.6813076386503982,6.008609679579541,BTC
4,2020-03-08 22:00:00+00:00,2020-03-10 22:00:00+00:00,1,48,-0.03439766397092983,False,0.0746456238668206,0.0038831092021445637,7.347143645158969,0.3822027283058988,BTC
5,2020-05-10 22:00:00+00:00,2020-05-12 22:00:00+00:00,1,48,0.007831933195300272,False,0.06455089119410028,0.05169052021038399,3.0058362146165747,2.4069882650193795,BTC
6,2020-07-26 22:00:00+00:00,2020-07-28 22:00:00+00:00,-1,48,-0.10593437949455801,False,0.16133193288779216,0.00019914901704284383,21.763377416211753,0.026864831669657377,BTC
7,2020-11-29 22:00:00+00:00,2020-12-01 22:00:00+00:00,-1,48,-0.04599769456431459,False,0.09316557875985187,0.011242799327754748,10.217002622088385,1.2329415191781548,BTC
8,2020-12-13 22:00:00+00:00,2020-12-15 22:00:00+00:00,-1,48,-0.013353221134709716,False,0.02108441895409446,0.011644676376989495,3.0734938175986324,1.6974544534775475,BTC
9,2020-12-27 22:00:00+00:00,2020-12-29 22:00:00+00:00,-1,48,-0.019740628288954183,False,0.042303673085650036,0.019230834737829036,2.011097362273127,0.9142251297483076,BTC
10,2021-01-03 22:00:00+00:00,2021-01-05 22:00:00+00:00,-1,48,-0.004028497492676231,False,0.020074349442379184,0.17323420074349444,0.894169837306045,7.716354521937351,BTC
11,2021-04-18 22:00:00+00:00,2021-04-20 22:00:00+00:00,1,48,0.012377372008617975,False,0.05275806040230794,0.02187414966228038,2.8538686045881083,1.183249507226249,BTC
12,2021-04-25 22:00:00+00:00,2021-04-27 22:00:00+00:00,1,48,0.1493490066612655,False,0.0020368952212273497,0.16604110137309225,0.13634314581831308,11.11425166126304,BTC
13,2021-05-16 22:00:00+00:00,2021-05-18 22:00:00+00:00,1,48,-0.04844752784133624,False,0.06761355655514059,0.032015599129793265,2.747195854026128,1.3008208068718077,BTC
14,2021-07-04 22:00:00+00:00,2021-07-06 22:00:00+00:00,-1,48,0.05817160084580983,False,0.00016858284523246694,0.0795655299631626,0.023064689672277372,10.885771056242707,BTC
15,2021-07-25 22:00:00+00:00,2021-07-27 22:00:00+00:00,-1,48,-0.11011055264842509,False,0.3957863240259854,0.0025838879791691026,48.83362926230428,0.3188099738933479,BTC
16,2021-12-05 22:00:00+00:00,2021-12-07 22:00:00+00:00,1,48,0.026538627453798192,False,0.04345268805058716,0.056862667281299135,2.9802038828911512,3.8999277012733717,BTC
17,2022-05-08 22:00:00+00:00,2022-05-10 22:00:00+00:00,1,48,-0.12954791032688595,False,0.13784535358285283,0.0006560194135304243,13.073722253469708,0.06221911281344587,BTC
18,2022-06-12 22:00:00+00:00,2022-06-14 22:00:00+00:00,1,48,-0.23740105553898638,False,0.23893656525489398,0.002986067455154058,19.241470032949028,0.2404668678208277,BTC
19,2023-01-15 22:00:00+00:00,2023-01-17 22:00:00+00:00,-1,48,-0.020208140650928907,False,0.03481254781943382,0.014604055087987828,4.431380161994605,1.858988326199394,BTC
20,2023-03-12 22:00:00+00:00,2023-03-14 22:00:00+00:00,-1,48,-0.14822612417770561,False,0.24583309818086058,0.008211524352390021,22.465807688283515,0.7504218443064543,BTC
21,2023-05-28 22:00:00+00:00,2023-05-30 22:00:00+00:00,-1,48,0.0029575858933656423,False,0.02204574447059669,0.011319330901773362,3.910980239159218,2.008082763382484,BTC
22,2024-03-24 22:00:00+00:00,2024-03-26 22:00:00+00:00,-1,48,-0.052058777169232996,False,0.07621479534359744,0.002214044310927438,8.672401359822807,0.25193377225814567,BTC
23,2024-04-14 22:00:00+00:00,2024-04-16 22:00:00+00:00,1,48,0.004676477621351309,False,0.03348954561236204,0.05062157614680913,2.364262456570572,3.5737329303193235,BTC
24,2024-07-14 22:00:00+00:00,2024-07-16 22:00:00+00:00,-1,48,-0.05332250305141088,False,0.06393884437015286,0.010406447263390036,8.914655514484084,1.4509160025743832,BTC
25,2024-08-04 22:00:00+00:00,2024-08-06 22:00:00+00:00,1,48,-0.030641790198000333,False,0.16350551554567716,0.011491361801659343,13.86518834264102,0.9744619021670053,BTC
26,2024-11-10 22:00:00+00:00,2024-11-12 22:00:00+00:00,-1,48,-0.10069946170207651,False,0.12683546869272483,0.0010871754581086423,13.438008765468021,0.11518444711281012,BTC
27,2025-02-02 22:00:00+00:00,2025-02-04 22:00:00+00:00,1,48,-0.005258853125757513,False,0.06050074846286758,0.056260489820492594,6.211441690075368,5.776106260727492,BTC
28,2025-03-02 22:00:00+00:00,2025-03-04 22:00:00+00:00,-1,48,0.0688127966075361,False,0.005887839261669775,0.13841674527375963,0.44620595597578067,10.489820357361182,BTC
29,2025-03-09 22:00:00+00:00,2025-03-11 22:00:00+00:00,1,48,0.015556032717201034,False,0.06429317835994647,0.02702256769391534,6.600941957261739,2.7743907741670384,BTC
30,2025-04-06 22:00:00+00:00,2025-04-08 22:00:00+00:00,1,48,-0.023406815082287518,False,0.0565581103032669,0.028882192988902693,6.32727319240444,3.231110877938575,BTC
31,2019-12-29 22:00:00+00:00,2019-12-31 22:00:00+00:00,-1,48,0.04272101139642259,False,0.010759869397447441,0.049050163253190754,1.035431460620544,4.72013927910462,ETH
32,2020-02-02 22:00:00+00:00,2020-02-04 22:00:00+00:00,-1,48,0.017344220197759802,False,0.019402284462525423,0.03661398842121724,2.022685845572721,3.8170039343872224,ETH
33,2020-02-16 22:00:00+00:00,2020-02-18 22:00:00+00:00,1,48,0.10797367910671317,False,0.039137158491613484,0.13596891232800673,1.5965232958319144,5.5465839730573805,ETH
34,2020-03-08 22:00:00+00:00,2020-03-10 22:00:00+00:00,1,48,-0.033388341258448306,False,0.09527210398514493,0.006713326667618895,4.465719218342821,0.31467586695968847,ETH
35,2020-04-19 22:00:00+00:00,2020-04-21 22:00:00+00:00,-1,48,0.05562099668677288,False,0.018683419830647294,0.089866156787763,1.3839199392057349,6.656573976589019,ETH
36,2020-05-10 22:00:00+00:00,2020-05-12 22:00:00+00:00,1,48,-0.0033137996859855705,False,0.07083862770012704,0.024142312579415515,3.756192870758247,1.2801374806171615,ETH
37,2020-05-17 22:00:00+00:00,2020-05-19 22:00:00+00:00,-1,48,-0.01888705935671864,False,0.03988126585914676,0.014219370900560151,4.64081475424246,1.6546482377070983,ETH
38,2020-05-31 22:00:00+00:00,2020-06-02 22:00:00+00:00,-1,48,-0.01784565657141236,False,0.08469374706960477,0.062273560376795586,6.981204452316657,5.133135231421569,ETH
39,2020-07-26 22:00:00+00:00,2020-07-28 22:00:00+00:00,-1,48,-0.02317202023481005,False,0.07866181537173586,0.014650481372959434,4.497150622336061,0.8375781961370907,ETH
40,2020-08-02 22:00:00+00:00,2020-08-04 22:00:00+00:00,-1,48,-0.03739530468007306,False,0.06857868557519319,0.02989734363424689,2.250582398735358,0.981156678461012,ETH
41,2020-08-30 22:00:00+00:00,2020-09-01 22:00:00+00:00,-1,48,-0.13761921706794744,False,0.15404674979849228,0.00858185956095018,15.181679686754862,0.845763011173479,ETH
42,2020-09-06 22:00:00+00:00,2020-09-08 22:00:00+00:00,1,48,-0.05205976412678807,False,0.09561273343225923,0.003667721253184764,3.193239783155738,0.12249323911959065,ETH
43,2020-11-15 22:00:00+00:00,2020-11-17 22:00:00+00:00,1,48,0.07942818709685115,False,0.00784525902881095,0.09547319536498496,0.8448034827135327,10.280869969229462,ETH
44,2020-11-22 22:00:00+00:00,2020-11-24 22:00:00+00:00,-1,48,-0.043403539530411844,False,0.08865767367283629,0.04003276517132007,4.415160099319107,1.9936352954857477,ETH
45,2020-11-29 22:00:00+00:00,2020-12-01 22:00:00+00:00,-1,48,-0.05247090356876097,False,0.12541190153130444,0.016722761634566263,10.522396423351768,1.4030847556218693,ETH
46,2020-12-13 22:00:00+00:00,2020-12-15 22:00:00+00:00,-1,48,0.0027450141994762563,False,0.010801034465272707,0.027112455840841033,1.228304586111001,3.0832559563725277,ETH
47,2020-12-27 22:00:00+00:00,2020-12-29 22:00:00+00:00,-1,48,-0.06668113837590627,False,0.10334167525393795,0.0025025761813630676,4.352617018827154,0.10540525544167892,ETH
48,2021-01-03 22:00:00+00:00,2021-01-05 22:00:00+00:00,-1,48,-0.1385026828388503,False,0.2331172991880338,0.06513587042152917,7.846457622693579,2.192397770392595,ETH
49,2021-03-07 22:00:00+00:00,2021-03-09 22:00:00+00:00,-1,48,-0.09298249171017238,False,0.1185447207691985,0.0024322717418068206,8.239361235373876,0.16905320939897567,ETH
50,2021-04-18 22:00:00+00:00,2021-04-20 22:00:00+00:00,1,48,0.05399626092038901,False,0.07586113737673916,0.05574316718447464,3.2044575089071525,2.3546524192943057,ETH
51,2021-05-02 22:00:00+00:00,2021-05-04 22:00:00+00:00,-1,48,-0.12060013215272156,False,0.1870640541867613,0.014209227085309173,20.208394433641413,1.535012521702474,ETH
52,2021-05-09 22:00:00+00:00,2021-05-11 22:00:00+00:00,-1,48,-0.05556721215241116,False,0.07790746442709981,0.06451711897869211,4.487503682045259,3.7162139866937345,ETH
53,2021-05-16 22:00:00+00:00,2021-05-18 22:00:00+00:00,1,48,-0.015287050737596015,False,0.10150027889431343,0.03190895969545891,3.3366885398803383,1.0489651978809131,ETH
54,2021-07-04 22:00:00+00:00,2021-07-06 22:00:00+00:00,-1,48,0.03634477356429554,False,0.00023928366028424754,0.09532305393117872,0.021422615596911648,8.534093550163536,ETH
55,2021-08-01 22:00:00+00:00,2021-08-03 22:00:00+00:00,-1,48,0.060556861870637725,False,0.005409868202792739,0.07975691407545916,0.38247179510363294,5.638727036385023,ETH
56,2022-01-23 22:00:00+00:00,2022-01-25 22:00:00+00:00,1,48,0.0014186610621892077,False,0.11134797481532893,0.05269941995934756,5.360259009852433,2.536934696114485,ETH
57,2022-05-08 22:00:00+00:00,2022-05-10 22:00:00+00:00,1,48,-0.11897498971435337,False,0.13981718893738626,0.0009786459454698478,12.095253673575225,0.08466034152907034,ETH
58,2022-06-12 22:00:00+00:00,2022-06-14 22:00:00+00:00,1,48,-0.22031902801192674,False,0.27197969956440904,0.0011127244107310735,13.19106003893754,0.053967316429324175,ETH
59,2022-07-17 22:00:00+00:00,2022-07-19 22:00:00+00:00,-1,48,-0.14872007053782133,False,0.20179096165260904,0.0221158848918755,11.253654786879105,1.2333780058394606,ETH
60,2022-09-18 22:00:00+00:00,2022-09-20 22:00:00+00:00,1,48,-0.01077782224798916,False,0.04208717575466541,0.04598899985743332,2.853541200288056,3.118087719123808,ETH
61,2023-01-15 22:00:00+00:00,2023-01-17 22:00:00+00:00,-1,48,-0.01952259208788067,False,0.03715200185470216,0.021129436312233917,3.938592237758924,2.239993262625584,ETH
62,2023-03-12 22:00:00+00:00,2023-03-14 22:00:00+00:00,-1,48,-0.10018130507711197,False,0.15485232067510546,0.00931515741642318,12.479358479458163,0.7506971040881305,ETH
63,2023-06-11 22:00:00+00:00,2023-06-13 22:00:00+00:00,1,48,-0.015859974257310706,False,0.025791703772611006,0.0020193196707827955,4.097218125896726,0.3207850567009481,ETH
64,2023-12-03 22:00:00+00:00,2023-12-05 22:00:00+00:00,-1,48,-0.04256569121572207,False,0.05881032650518539,0.0007970244420827906,10.368064674256908,0.14051275436719926,ETH
65,2024-02-25 22:00:00+00:00,2024-02-27 22:00:00+00:00,-1,48,-0.04340286046750627,False,0.0583008458519856,0.024653020854072866,7.480672679032854,3.1632676484128424,ETH
66,2024-07-14 22:00:00+00:00,2024-07-16 22:00:00+00:00,-1,48,-0.05649174808791528,False,0.07516906430591418,0.006814828476576792,12.299851668175071,1.1151047333092199,ETH
67,2024-08-04 22:00:00+00:00,2024-08-06 22:00:00+00:00,1,48,-0.0799175471426179,False,0.22610715777593748,0.008028405385004307,14.651917485039137,0.5202468351492648,ETH
68,2024-11-10 22:00:00+00:00,2024-11-12 22:00:00+00:00,-1,48,-0.035551678238282286,False,0.08758033084641428,0.020215939405788273,6.221931741561702,1.4361922803756095,ETH
69,2025-01-19 22:00:00+00:00,2025-01-21 22:00:00+00:00,1,48,0.030777992981460753,False,0.02819886152703876,0.06910035886647696,1.4058968368567137,3.4451027699431207,ETH
70,2025-02-02 22:00:00+00:00,2025-02-04 22:00:00+00:00,1,48,-0.08390008810683666,False,0.2842701770925443,0.010263591603329191,17.511050110975233,0.6322375027964052,ETH
71,2025-03-02 22:00:00+00:00,2025-03-04 22:00:00+00:00,-1,48,0.14030914300594854,False,0.01056536178239946,0.21532968208802622,0.5204591297853813,10.607331889305646,ETH
72,2025-04-06 22:00:00+00:00,2025-04-08 22:00:00+00:00,1,48,-0.06684114670631602,False,0.11146960406833498,0.03250382824266328,6.081556744076016,1.7733433029534755,ETH
73,2020-10-25 22:00:00+00:00,2020-10-27 22:00:00+00:00,1,48,-0.04896859995241355,False,0.1067743382682817,0.04996635262449539,6.839221194337004,3.200496892938175,SOL
74,2020-11-01 22:00:00+00:00,2020-11-03 22:00:00+00:00,-1,48,0.13125122481518547,False,0.007668241212195543,0.1287037605054906,0.48146687129392646,8.080939967797299,SOL
75,2020-11-08 22:00:00+00:00,2020-11-10 22:00:00+00:00,-1,48,-0.09230450894534219,False,0.10534409842368313,0.062043444828911956,2.026376989930331,1.1934546961679102,SOL
76,2021-01-03 22:00:00+00:00,2021-01-05 22:00:00+00:00,-1,48,-0.13912975958623158,False,0.24574160772985348,0.09443171630640501,4.945085263138251,1.900259760622239,SOL
77,2021-01-17 22:00:00+00:00,2021-01-19 22:00:00+00:00,-1,48,0.043343271892987534,False,0.08122037761259736,0.06912537877806846,1.938762467593709,1.6500500720687554,SOL
78,2021-03-28 22:00:00+00:00,2021-03-30 22:00:00+00:00,-1,48,-0.04206991593744154,False,0.1319920562340705,0.04429136521301523,4.662909303013824,1.5646897607891177,SOL
79,2021-04-04 22:00:00+00:00,2021-04-06 22:00:00+00:00,-1,48,-0.04500360976118128,False,0.05367364016736409,0.0941046025104602,1.7830540864319333,3.1261825271235217,SOL
80,2021-04-18 22:00:00+00:00,2021-04-20 22:00:00+00:00,-1,48,-0.07210674052017305,False,0.1875963020030817,0.051795661965153485,4.355205707184745,1.2024797940544831,SOL
81,2021-04-25 22:00:00+00:00,2021-04-27 22:00:00+00:00,-1,48,0.0190897910080362,False,0.0670135486110807,0.06467121656244089,1.6237978021227581,1.5670410162003046,SOL
82,2021-05-23 22:00:00+00:00,2021-05-25 22:00:00+00:00,1,48,0.2058312652727666,False,0.05317482629824497,0.33338688300734975,0.5989057385950873,3.7549218550436665,SOL
83,2021-08-01 22:00:00+00:00,2021-08-03 22:00:00+00:00,-1,48,0.013424730184115271,False,0.022289190879626965,0.08085517711946327,1.1167092045923672,4.050919614618238,SOL
84,2021-08-15 22:00:00+00:00,2021-08-17 22:00:00+00:00,-1,48,-0.22270556925883678,False,0.4320240541980665,0.007688208875694669,15.526387784956194,0.27630431966885544,SOL
85,2021-11-21 22:00:00+00:00,2021-11-23 22:00:00+00:00,-1,48,0.037865202813826326,False,0.0047442314944972025,0.09704460520451197,0.27724847270094966,5.671196400939756,SOL
86,2021-12-05 22:00:00+00:00,2021-12-07 22:00:00+00:00,1,48,0.009574420049992215,False,0.07452636444332404,0.07149047476482354,2.5922373860762455,2.486640570997512,SOL
87,2022-01-23 22:00:00+00:00,2022-01-25 22:00:00+00:00,1,48,-0.016951241879530267,False,0.15532761147163493,0.06615030353778514,4.573147645053919,1.9475938757911546,SOL
88,2022-05-08 22:00:00+00:00,2022-05-10 22:00:00+00:00,1,48,-0.1706765753664723,False,0.214351185020296,0.010737200471389199,12.662344804731969,0.6342775039633552,SOL
89,2022-06-12 22:00:00+00:00,2022-06-14 22:00:00+00:00,1,48,-0.10620851834951614,False,0.19293308317698565,0.007191994996873059,6.586112884811963,0.24551150137872838,SOL
90,2023-01-15 22:00:00+00:00,2023-01-17 22:00:00+00:00,-1,48,-0.0019093059311444584,False,0.07841877596470939,0.047924964666581,2.893321796496558,1.768228886007454,SOL
91,2023-02-19 22:00:00+00:00,2023-02-21 22:00:00+00:00,-1,48,0.012442512872359836,False,0.07652656621728786,0.044409199048374204,4.069211270649858,2.361407576750172,SOL
92,2023-03-12 22:00:00+00:00,2023-03-14 22:00:00+00:00,-1,48,-0.08929840564421042,False,0.1593050031400461,0.012350847812434616,9.042142686382387,0.701033401440949,SOL
93,2023-05-28 22:00:00+00:00,2023-05-30 22:00:00+00:00,-1,48,-0.02015210275272183,False,0.026391554702495237,0.027591170825335857,3.5007625395948136,3.6598881095763867,SOL
94,2023-06-04 22:00:00+00:00,2023-06-06 22:00:00+00:00,-1,48,0.07579162291019823,False,0.005755982596084069,0.13370195794053658,0.7423415403125263,17.243366487574576,SOL
95,2023-06-11 22:00:00+00:00,2023-06-13 22:00:00+00:00,1,48,-0.047927254585473186,False,0.06568415703214335,0.01638927709312661,2.8638686163554277,0.714582304661216,SOL
96,2023-09-10 22:00:00+00:00,2023-09-12 22:00:00+00:00,1,48,-0.025778656182891328,False,0.061958405545927124,0.020363951473136983,4.312546021548094,1.417410230858471,SOL
97,2023-10-01 22:00:00+00:00,2023-10-03 22:00:00+00:00,-1,48,-0.028089274470903237,False,0.0803167420814478,0.006874347372084983,5.381362522420774,0.46059332532095926,SOL
98,2023-10-22 22:00:00+00:00,2023-10-24 22:00:00+00:00,-1,48,-0.06073649013217581,False,0.1419010299268302,0.004300031209903901,9.184999623683069,0.27833332192978705,SOL
99,2023-12-24 22:00:00+00:00,2023-12-26 22:00:00+00:00,-1,48,0.02727175117192885,False,0.1181304887824042,0.09862852008773246,4.44955554393358,3.71498571511627,SOL
100,2024-03-17 22:00:00+00:00,2024-03-19 22:00:00+00:00,-1,48,0.12235004432915678,False,0.06931966013497043,0.13102691275713468,3.0174519863901765,5.703539477830376,SOL
101,2024-07-14 22:00:00+00:00,2024-07-16 22:00:00+00:00,-1,48,-0.08363070925481733,False,0.09748138739882989,0.010154170438730521,10.396160757294197,1.0829184017058233,SOL
102,2024-07-21 22:00:00+00:00,2024-07-23 22:00:00+00:00,-1,48,0.06013227325464412,False,0.006134969325153349,0.075139801292144,0.38088191634440155,4.664960816111982,SOL
103,2024-08-04 22:00:00+00:00,2024-08-06 22:00:00+00:00,1,48,0.06348557314821354,False,0.22226576136906076,0.05757379291673486,10.11889599795912,2.6211109580891603,SOL
104,2024-10-20 22:00:00+00:00,2024-10-22 22:00:00+00:00,-1,48,-0.025364602014790516,False,0.04995419847328249,0.014656488549618355,5.919803861965568,1.7368617687918562,SOL
105,2024-10-27 22:00:00+00:00,2024-10-29 22:00:00+00:00,-1,48,-0.011651897317880217,False,0.03581920903954804,0.026497175141242925,4.0336489333874574,2.9838822551399296,SOL
106,2024-11-17 22:00:00+00:00,2024-11-19 22:00:00+00:00,-1,48,-0.016601354707387585,False,0.0662493032031216,0.006217572145276862,3.857336511561116,0.36201540076140376,SOL
107,2025-01-19 22:00:00+00:00,2025-01-21 22:00:00+00:00,-1,48,-0.009999260453836895,False,0.07121836374337848,0.10037276829507548,1.7152107660473388,2.417360407465063,SOL
108,2025-02-02 22:00:00+00:00,2025-02-04 22:00:00+00:00,1,48,0.015338546999511793,False,0.1422279408125896,0.08818726183995643,6.423002203603402,3.9825295500421944,SOL
109,2025-03-02 22:00:00+00:00,2025-03-04 22:00:00+00:00,-1,48,0.17522989028348232,False,0.022566674264873538,0.2562115340779575,0.8162553082271875,9.267383499468247,SOL
110,2025-03-09 22:00:00+00:00,2025-03-11 22:00:00+00:00,1,48,-0.01056665632375835,False,0.125166236407729,0.028710005476022857,7.6519126204111565,1.75515745730681,SOL
111,2025-04-06 22:00:00+00:00,2025-04-08 22:00:00+00:00,1,48,-0.004024690465241963,False,0.10929166276784885,0.05904369795078134,6.431306434355072,3.4744472260942203,SOL
112,2020-05-10 22:00:00+00:00,2020-05-12 22:00:00+00:00,1,48,0.02670980064199248,False,0.08339328929295574,0.06089345280920918,3.91146480353935,2.8561362604667693,BNB
113,2020-07-12 22:00:00+00:00,2020-07-14 22:00:00+00:00,-1,48,0.013254504589697189,False,0.045850929633082786,0.029232709921570846,4.115641686256976,2.6239677258073892,BNB
114,2020-07-19 22:00:00+00:00,2020-07-21 22:00:00+00:00,-1,48,0.011266158253384166,False,0.02677121254550535,0.03394007280873714,2.825716904541568,3.582394234628038,BNB
115,2020-09-06 22:00:00+00:00,2020-09-08 22:00:00+00:00,-1,48,0.017914738197900966,False,0.008387538514207529,0.1479373502225264,0.27133965115097985,4.785822316474129,BNB
116,2020-09-13 22:00:00+00:00,2020-09-15 22:00:00+00:00,-1,48,0.09018628077606874,False,0.08426124894185066,0.11691736667317829,2.5078827533778547,3.4798326767310153,BNB
117,2020-11-22 22:00:00+00:00,2020-11-24 22:00:00+00:00,-1,48,-0.07853968949517424,False,0.15863697484503636,0.021973697156537936,10.424586593562172,1.4439679590007506,BNB
118,2020-11-29 22:00:00+00:00,2020-12-01 22:00:00+00:00,-1,48,-0.005956019365842722,False,0.055617866332387675,0.03793626707132013,4.926166866482446,3.3600782304002403,BNB
119,2020-12-13 22:00:00+00:00,2020-12-15 22:00:00+00:00,-1,48,-0.011016971536001445,False,0.042762366367605095,0.01378433192396273,7.010118883851968,2.25969266272077,BNB
120,2020-12-20 22:00:00+00:00,2020-12-22 22:00:00+00:00,-1,48,0.018408714293290343,False,0.06756190931929658,0.08780954659648284,3.775066379363401,4.906416507220427,BNB
121,2021-01-03 22:00:00+00:00,2021-01-05 22:00:00+00:00,-1,48,0.005099737367471109,False,0.0690736295497967,0.06895115857541757,3.820272004102603,3.8134984721804317,BNB
122,2021-01-17 22:00:00+00:00,2021-01-19 22:00:00+00:00,-1,48,0.08140163430221052,False,0.020430130675335258,0.10258121461324839,0.9137038182022854,4.58777523048883,BNB
123,2021-02-21 22:00:00+00:00,2021-02-23 22:00:00+00:00,1,48,-0.20816959243931554,False,0.348766560316283,0.054039954147487426,7.184909316434077,1.1132723551875032,BNB
124,2021-04-11 22:00:00+00:00,2021-04-13 22:00:00+00:00,-1,48,-0.10060332911677386,False,0.26117433938486984,0.0004961997400858692,14.743287010325622,0.028010466877278328,BNB
125,2021-05-23 22:00:00+00:00,2021-05-25 22:00:00+00:00,1,48,0.289356370707641,False,0.014046376584140983,0.47557578373288334,0.24049816536918955,8.142676710726079,BNB
126,2021-07-04 22:00:00+00:00,2021-07-06 22:00:00+00:00,-1,48,-0.006535729151081392,False,0.025543962336174997,0.0707787250286296,2.414354546363273,6.689836694468619,BNB
127,2021-08-01 22:00:00+00:00,2021-08-03 22:00:00+00:00,-1,48,0.05295748564725926,False,0.004990605918271456,0.06916392672616253,0.37482606227660614,5.194648251315824,BNB
128,2021-11-07 22:00:00+00:00,2021-11-09 22:00:00+00:00,-1,48,0.023511502777135672,False,0.005310194962201073,0.03235087074954853,0.49547197018709255,3.0185237607364237,BNB
129,2021-12-05 22:00:00+00:00,2021-12-07 22:00:00+00:00,1,48,0.045569456252309376,False,0.03571622330325334,0.07183029820785942,1.9979017608209158,4.018058629863637,BNB
130,2022-05-08 22:00:00+00:00,2022-05-10 22:00:00+00:00,1,48,-0.14402923701348044,False,0.19687517406561578,0.00036205648081099386,18.751300640685734,0.03448393101271835,BNB
131,2022-06-12 22:00:00+00:00,2022-06-14 22:00:00+00:00,1,48,-0.1821296098854593,False,0.21995560318432325,0.002679118187385355,13.390991336020644,0.16310586280172376,BNB
132,2022-08-21 22:00:00+00:00,2022-08-23 22:00:00+00:00,-1,48,0.005246688869481618,False,0.014030188177405504,0.04069419509275867,1.2860784250157458,3.7302369483868634,BNB
133,2022-10-30 22:00:00+00:00,2022-11-01 22:00:00+00:00,-1,48,-0.03748821697904842,False,0.07993735417265954,0.02064755329689641,7.231747126777779,1.8679362830461546,BNB
134,2023-01-08 22:00:00+00:00,2023-01-10 22:00:00+00:00,-1,48,-0.03038103826178806,False,0.05123642160679195,0.000815630445260176,8.180419186717225,0.1302237497162094,BNB
135,2023-04-16 22:00:00+00:00,2023-04-18 22:00:00+00:00,-1,48,0.01904123428538884,False,0.0032908856774933014,0.035627414508513346,0.4166067316781118,4.51022070381942,BNB
136,2023-04-23 22:00:00+00:00,2023-04-25 22:00:00+00:00,-1,48,-0.028460313312285154,False,0.023001760029131468,0.01010499484129405,3.965278802592175,1.7420024291071414,BNB
137,2023-04-30 22:00:00+00:00,2023-05-02 22:00:00+00:00,-1,48,0.03890727261461111,False,0.00394647043114443,0.047060918073647706,0.5823126767406149,6.943969212861856,BNB
138,2023-06-11 22:00:00+00:00,2023-06-13 22:00:00+00:00,1,48,0.021365253169252217,False,0.07251264755480602,0.04763912310286683,8.825244705151873,5.797980533035834,BNB
139,2023-11-05 22:00:00+00:00,2023-11-07 22:00:00+00:00,-1,48,-0.024563442393795508,False,0.057720117340825515,0.001859273643763123,6.722734604686529,0.2165519378746501,BNB
140,2024-02-25 22:00:00+00:00,2024-02-27 22:00:00+00:00,-1,48,-0.020659683786614282,False,0.043276661514683186,0.01700154559505401,6.769195706341192,2.659326884634024,BNB
141,2024-03-10 22:00:00+00:00,2024-03-12 22:00:00+00:00,-1,48,-0.01757742830359191,False,0.036464234458796096,0.04719012009970533,2.68162517676989,3.4704201536757755,BNB
142,2024-04-14 22:00:00+00:00,2024-04-16 22:00:00+00:00,1,48,-0.01108411924044957,False,0.051129240329233036,0.06292130748405617,2.790713486877684,3.4343428589400937,BNB
143,2024-08-04 22:00:00+00:00,2024-08-06 22:00:00+00:00,1,48,-0.018485951608953312,False,0.20901108965297543,0.009337607263025858,15.830506469073587,0.7072306662217098,BNB
144,2024-11-10 22:00:00+00:00,2024-11-12 22:00:00+00:00,-1,48,-0.009545314961869658,False,0.0687620905210315,0.020671793314041894,5.031685592303183,1.5126643735987093,BNB
145,2025-01-19 22:00:00+00:00,2025-01-21 22:00:00+00:00,1,48,0.008321632538342756,False,0.024205528531065224,0.03403629372870001,2.500939441083448,3.5166639433285303,BNB
146,2025-02-02 22:00:00+00:00,2025-02-04 22:00:00+00:00,1,48,-0.09095920189387025,False,0.19170715905409777,0.009475218658892165,14.56749107873018,0.7200052620021284,BNB
147,2025-02-09 22:00:00+00:00,2025-02-11 22:00:00+00:00,-1,48,-0.05678108127698041,False,0.0669494042707679,0.016469190402323537,5.09730588981231,1.2539096075998775,BNB
148,2025-03-02 22:00:00+00:00,2025-03-04 22:00:00+00:00,-1,48,0.05435717830202297,False,0.008594417659674027,0.12038634567941044,0.8299966955760731,11.626182606324411,BNB
149,2025-03-09 22:00:00+00:00,2025-03-11 22:00:00+00:00,1,48,-0.0005698045266842339,False,0.08972123869947332,0.030446269702906335,9.453804371305832,3.208081851961567,BNB
150,2025-04-06 22:00:00+00:00,2025-04-08 22:00:00+00:00,1,48,0.00869722703582181,False,0.0800296071634893,0.025364673599075804,9.086886431514195,2.8800079937463363,BNB
151,2020-02-16 22:00:00+00:00,2020-02-18 22:00:00+00:00,1,48,0.05168657095428035,False,0.05118249205788921,0.07094952347334983,1.6835943137158227,2.333810048668139,XRP
152,2020-03-08 22:00:00+00:00,2020-03-10 22:00:00+00:00,1,48,0.013426076504870692,False,0.055396370582617,0.031041069723018174,2.7080517385428533,1.5174427845283245,XRP
153,2020-05-10 22:00:00+00:00,2020-05-12 22:00:00+00:00,1,48,-0.01336733261971903,False,0.06828528072837625,0.013151239251391094,3.3467715293942315,0.6445634056611167,XRP
154,2020-07-26 22:00:00+00:00,2020-07-28 22:00:00+00:00,-1,48,-0.0760285676349888,False,0.08973172987974098,0.0360777058279371,7.701635727633655,3.0965339523475524,XRP
155,2020-08-02 22:00:00+00:00,2020-08-04 22:00:00+00:00,-1,48,-0.040697918910387425,False,0.09791167408421758,0.02704553235193433,2.3491264068567275,0.6488845669289586,XRP
156,2020-10-04 22:00:00+00:00,2020-10-06 22:00:00+00:00,-1,48,0.010692273889160272,False,0.049777418049372864,0.02913800080938885,5.160028774806268,3.020504648667069,XRP
157,2020-11-22 22:00:00+00:00,2020-11-24 22:00:00+00:00,-1,48,-0.4046536272780772,False,0.676074406670943,0.07590335685268342,13.756725598229492,1.5444774153609975,XRP
158,2021-01-31 22:00:00+00:00,2021-02-02 22:00:00+00:00,-1,48,0.18944043798835852,False,0.577884214910454,0.29196168263223654,8.484691683768087,4.286680266898326,XRP
159,2021-04-11 22:00:00+00:00,2021-04-13 22:00:00+00:00,-1,48,-0.22956471110332616,False,0.37548087392030205,0.03934093053640127,8.92342813242363,0.9349503281990351,XRP
160,2021-04-18 22:00:00+00:00,2021-04-20 22:00:00+00:00,1,48,0.032317945931229754,False,0.15391279237655217,0.10525555876407734,2.995246166622181,2.0483437668551296,XRP
161,2021-05-23 22:00:00+00:00,2021-05-25 22:00:00+00:00,1,48,0.20123606458575302,False,0.04025477707006379,0.34917197452229287,0.6759052286346904,5.86283617622684,XRP
162,2021-07-04 22:00:00+00:00,2021-07-06 22:00:00+00:00,-1,48,0.07173111670213511,False,0.00014142271248776696,0.0898034224296422,0.013868578443491222,8.806547311608117,XRP
163,2021-08-15 22:00:00+00:00,2021-08-17 22:00:00+00:00,-1,48,0.14436383632221572,False,0.027533549282739524,0.1428351072034552,1.0042959394100117,5.209961007807671,XRP
164,2021-10-10 22:00:00+00:00,2021-10-12 22:00:00+00:00,-1,48,0.03924585362672961,False,0.030749128919860723,0.07404181184668987,1.6333848144673215,3.933079581578523,XRP
165,2021-12-05 22:00:00+00:00,2021-12-07 22:00:00+00:00,1,48,0.022892853531362153,False,0.06340057636887605,0.059892244079689204,2.302884408183666,2.175452069390893,XRP
166,2022-06-12 22:00:00+00:00,2022-06-14 22:00:00+00:00,1,48,-0.11864605604947097,False,0.17175141242937844,0.0014124293785310747,9.777374905744995,0.08040604363277146,XRP
167,2022-09-18 22:00:00+00:00,2022-09-20 22:00:00+00:00,-1,48,-0.08943456548154269,False,0.1243372216330859,0.09968186638388114,5.780337029079295,4.634129473206424,XRP
168,2022-11-13 22:00:00+00:00,2022-11-15 22:00:00+00:00,1,48,0.1476207692541516,False,0.04353011329755516,0.18604651162790703,2.618447296526736,11.191172007073174,XRP
169,2023-08-20 22:00:00+00:00,2023-08-22 22:00:00+00:00,-1,48,0.04691053422142299,False,0.005374351371386238,0.07524091919940691,0.4109245279282469,5.752943390995424,XRP
170,2023-11-05 22:00:00+00:00,2023-11-07 22:00:00+00:00,-1,48,-0.060307570766711185,False,0.12728670253651037,0.00630284396617985,9.647332306606375,0.47770606832229556,XRP
171,2024-03-03 22:00:00+00:00,2024-03-05 22:00:00+00:00,-1,48,0.06654104486386277,False,0.06367100666878378,0.16878374087011758,5.006836590587022,13.272487021930182,XRP
172,2024-04-14 22:00:00+00:00,2024-04-16 22:00:00+00:00,1,48,0.01739639882336904,False,0.025641025641025664,0.0642051282051283,1.0668609241825737,2.6714197541531663,XRP
173,2024-07-14 22:00:00+00:00,2024-07-16 22:00:00+00:00,-1,48,-0.09847114376084522,False,0.12699014404852174,0.017816527672479085,9.258590399118773,1.2989664142047173,XRP
174,2024-08-04 22:00:00+00:00,2024-08-06 22:00:00+00:00,1,48,-0.027358904520370843,False,0.18276515151515157,0.010984848484848537,11.01300237455677,0.6619213862427932,XRP
175,2024-09-29 22:00:00+00:00,2024-10-01 22:00:00+00:00,-1,48,0.06615042103946978,False,0.015818858560794024,0.10545905707196039,1.2347862841041877,8.231908560694603,XRP
176,2024-11-10 22:00:00+00:00,2024-11-12 22:00:00+00:00,-1,48,-0.22088273309182843,False,0.2617586912065439,0.02760736196319017,13.36893693738247,1.410005067614557,XRP
177,2024-11-17 22:00:00+00:00,2024-11-19 22:00:00+00:00,-1,48,-0.03383837548304716,False,0.12688621049634613,0.01651323906235179,3.433134543376064,0.4467953706413151,XRP
178,2024-12-01 22:00:00+00:00,2024-12-03 22:00:00+00:00,-1,48,-0.2173494954201481,False,0.34124465295984535,0.01499471045490086,13.778764309385576,0.6054558788057276,XRP
179,2025-01-12 22:00:00+00:00,2025-01-14 22:00:00+00:00,-1,48,-0.06201667125626402,False,0.07245801405486962,0.07464168023186554,5.824429824763312,5.999960586605482,XRP
180,2025-02-02 22:00:00+00:00,2025-02-04 22:00:00+00:00,1,48,-0.035871657608495644,False,0.32348766734435536,0.0687022900763359,10.498299530012538,2.2296281819343604,XRP
181,2025-03-02 22:00:00+00:00,2025-03-04 22:00:00+00:00,-1,48,0.1479911126360966,False,0.021689733526131023,0.23862149693589474,0.6736983336036247,7.411751032074142,XRP
182,2025-03-09 22:00:00+00:00,2025-03-11 22:00:00+00:00,1,48,0.017131590116488776,False,0.125386496838802,0.042918454935622304,6.306460118041439,2.158633754059086,XRP
183,2025-04-06 22:00:00+00:00,2025-04-08 22:00:00+00:00,1,48,-0.0577592355636312,False,0.1740154657653506,0.026527372356224748,11.196984009644533,1.7068975035302747,XRP
184,2020-11-22 22:00:00+00:00,2020-11-24 22:00:00+00:00,-1,48,-0.1273507838338138,False,0.2254649499284694,0.0763948497854077,8.556252479858125,2.8991363097996405,DOGE
185,2020-12-20 22:00:00+00:00,2020-12-22 22:00:00+00:00,-1,48,0.003699002471764423,False,0.18782722513088998,0.061954624781849994,5.932768997855496,1.9569179969697605,DOGE
186,2021-01-03 22:00:00+00:00,2021-01-05 22:00:00+00:00,-1,48,0.06089604209165901,False,0.10059058868355873,0.26652695751571726,0.8491826923601805,2.2500124746437367,DOGE
187,2021-02-07 22:00:00+00:00,2021-02-09 22:00:00+00:00,-1,48,0.05092988943474636,False,0.13303225806451613,0.1851096774193548,2.4033144721013326,3.3441270045359563,DOGE
188,2021-04-11 22:00:00+00:00,2021-04-13 22:00:00+00:00,-1,48,-0.15465278849719408,False,0.23682290133019243,0.11857788475079686,6.727975830260117,3.3687161930948837,DOGE
189,2021-08-08 22:00:00+00:00,2021-08-10 22:00:00+00:00,-1,48,-0.05362692411777377,False,0.07975385611918544,0.06643455730537229,2.3146872869908695,1.928122760381736,DOGE
190,2021-08-15 22:00:00+00:00,2021-08-17 22:00:00+00:00,-1,48,0.07504739589625546,False,0.07175024342745859,0.08897273612463483,2.764737491396599,3.4283682887377678,DOGE
191,2021-10-24 22:00:00+00:00,2021-10-26 22:00:00+00:00,-1,48,0.01563329005821476,False,0.06527051923149244,0.03184569688310703,2.6561050869861993,1.2959222400214856,DOGE
192,2021-12-05 22:00:00+00:00,2021-12-07 22:00:00+00:00,1,48,0.052189288692511965,False,0.06268833087149192,0.08714918759231896,2.4453381047479206,3.3995039627739643,DOGE
193,2022-03-27 22:00:00+00:00,2022-03-29 22:00:00+00:00,-1,48,0.0008236047965718426,False,0.07225977283812968,0.022367779248832768,4.238514437056712,1.3120184515865014,DOGE
194,2022-06-12 22:00:00+00:00,2022-06-14 22:00:00+00:00,1,48,-0.19769781345845427,False,0.24646924829157185,0.005466970387243723,11.261355813112651,0.24978977774002115,DOGE
195,2022-06-26 22:00:00+00:00,2022-06-28 22:00:00+00:00,-1,48,0.11942099955528367,False,0.027111574556830012,0.12995307612095924,1.2538790667953732,6.0101799499759,DOGE
196,2022-08-14 22:00:00+00:00,2022-08-16 22:00:00+00:00,-1,48,-0.07492630931891822,False,0.11769845232151782,0.06852221667498745,5.5419576656033644,3.226441949540023,DOGE
197,2022-10-30 22:00:00+00:00,2022-11-01 22:00:00+00:00,-1,48,-0.2027445011914516,False,0.36342572728052863,0.02831888784004117,6.068247591665905,0.47285046168825196,DOGE
198,2022-11-27 22:00:00+00:00,2022-11-29 22:00:00+00:00,-1,48,0.018326326168967316,False,0.00688797474409259,0.1341241748780255,0.2951071881349482,5.7463927467388665,DOGE
199,2023-03-12 22:00:00+00:00,2023-03-14 22:00:00+00:00,-1,48,-0.07010517403115579,False,0.11979241747152945,0.01830762577483072,9.51831876464595,1.4546648412876568,DOGE
200,2023-06-11 22:00:00+00:00,2023-06-13 22:00:00+00:00,1,48,-0.0048522941587948384,False,0.036054971705739736,0.016653193209377578,3.094347672335651,1.4292278486572765,DOGE
201,2024-01-21 22:00:00+00:00,2024-01-23 22:00:00+00:00,-1,48,0.10721890889102836,False,0.0003500583430572024,0.11470245040840131,0.022493730009140418,7.370445532994451,DOGE
202,2024-03-03 22:00:00+00:00,2024-03-05 22:00:00+00:00,-1,48,-0.01453931498601772,False,0.3469693028095732,0.21728668054110306,10.769887820496153,6.744553928449423,DOGE
203,2024-03-24 22:00:00+00:00,2024-03-26 22:00:00+00:00,-1,48,-0.021099317499018548,False,0.05230665619036926,0.04529127848243346,2.5450264704988035,2.2036870833610878,DOGE
204,2024-04-07 22:00:00+00:00,2024-04-09 22:00:00+00:00,-1,48,0.03807409151261546,False,0.06007801023251107,0.057798490451344935,3.5475632302090534,3.4129592290628397,DOGE
205,2024-04-14 22:00:00+00:00,2024-04-16 22:00:00+00:00,1,48,0.044675376803574175,False,0.029995354701705466,0.121043201274139,0.8609903333810504,3.474438867449198,DOGE
206,2024-05-05 22:00:00+00:00,2024-05-07 22:00:00+00:00,-1,48,0.04583207362161041,False,0.05489706799750469,0.05552089831565809,3.754890459658312,3.797559669427152,DOGE
207,2024-07-14 22:00:00+00:00,2024-07-16 22:00:00+00:00,-1,48,-0.08102103386986878,False,0.11343439623627814,0.0034849276877504582,12.604788119639354,0.3872438746432956,DOGE
208,2024-07-21 22:00:00+00:00,2024-07-23 22:00:00+00:00,-1,48,0.07018447026848598,False,0.019146960062870526,0.08551832535543336,0.9108902191806892,4.068416389400339,DOGE
209,2024-08-04 22:00:00+00:00,2024-08-06 22:00:00+00:00,1,48,-0.05931572626426541,False,0.23096786534047442,0.012719969395562336,13.302336925817434,0.7325924683783501,DOGE
210,2024-11-10 22:00:00+00:00,2024-11-12 22:00:00+00:00,-1,48,-0.36066927337683014,False,0.6254110171057006,0.009088558022684514,14.033878435029337,0.20394223151094293,DOGE
211,2025-01-19 22:00:00+00:00,2025-01-21 22:00:00+00:00,1,48,0.029021972554408963,False,0.09382596013612055,0.08456219953546158,3.338271488334326,3.0086724323473746,DOGE
212,2025-02-02 22:00:00+00:00,2025-02-04 22:00:00+00:00,1,48,-0.024467177220452004,False,0.24621240391073954,0.0924322710650049,8.47126334491296,3.180254517330922,DOGE
213,2025-03-02 22:00:00+00:00,2025-03-04 22:00:00+00:00,-1,48,0.15333842644341564,False,0.0335653585002349,0.2202246231370371,1.532521787661528,10.054980736603678,DOGE
214,2025-03-09 22:00:00+00:00,2025-03-11 22:00:00+00:00,1,48,-0.006090680264508732,False,0.15412887545201254,0.07238129112573358,7.563040433400782,3.551720141993213,DOGE
215,2025-04-06 22:00:00+00:00,2025-04-08 22:00:00+00:00,1,48,-0.03618309607928562,False,0.1368833931658024,0.04367770243318703,8.502983699974319,2.7131910106280346,DOGE
216,2020-03-08 22:00:00+00:00,2020-03-10 22:00:00+00:00,1,48,-0.05716402021497982,False,0.11580381471389646,0.004087193460490454,6.254510614880111,0.22074743346635636,ADA
217,2020-04-26 22:00:00+00:00,2020-04-28 22:00:00+00:00,-1,48,-0.0388239916752805,False,0.06444493489295959,0.024277201500772536,4.297653657535336,1.6189791175646873,ADA
218,2020-05-10 22:00:00+00:00,2020-05-12 22:00:00+00:00,1,48,0.05011781600531695,False,0.05659978880675822,0.082365364308342,2.2280179004691383,3.2422648551603057,ADA
219,2020-05-31 22:00:00+00:00,2020-06-02 22:00:00+00:00,-1,48,-0.051924893317836396,False,0.09473684210526313,0.07368421052631571,2.70455122701366,2.103539843232845,ADA
220,2020-07-26 22:00:00+00:00,2020-07-28 22:00:00+00:00,-1,48,-0.002848553727613493,False,0.01143933786420838,0.12791871341094138,0.470296837370401,5.2590252225948735,ADA
221,2020-08-30 22:00:00+00:00,2020-09-01 22:00:00+00:00,-1,48,-0.08802326188838491,False,0.0900299529311084,0.032520325203252015,8.233018156367276,2.973903896786653,ADA
222,2020-09-06 22:00:00+00:00,2020-09-08 22:00:00+00:00,1,48,-0.03144097475335407,False,0.0850090435152677,0.032237472071496874,3.292416014381045,1.2485632695337325,ADA
223,2020-11-22 22:00:00+00:00,2020-11-24 22:00:00+00:00,-1,48,-0.09644723678424559,False,0.23065625208625407,0.05814807397022495,6.313484873728195,1.5916194862568032,ADA
224,2020-11-29 22:00:00+00:00,2020-12-01 22:00:00+00:00,-1,48,0.04169650198802799,False,0.059820779849842576,0.14537418261080168,2.2911558322134087,5.567879709660319,ADA
225,2021-01-03 22:00:00+00:00,2021-01-05 22:00:00+00:00,-1,48,-0.25491315693497973,False,0.2973148333000598,0.04536833699341193,10.276623806114952,1.5681468926907016,ADA
226,2021-01-17 22:00:00+00:00,2021-01-19 22:00:00+00:00,-1,48,0.02544896813662803,False,0.03741018431740079,0.05742996980110388,0.972292227170809,1.49260727427892,ADA
227,2021-02-07 22:00:00+00:00,2021-02-09 22:00:00+00:00,-1,48,-0.0877556766950807,False,0.13960047003525275,0.03641206423815126,2.8810518249896324,0.7514662672588005,ADA
228,2021-02-21 22:00:00+00:00,2021-02-23 22:00:00+00:00,-1,48,0.10895615257914494,False,0.05875669684093843,0.2576759652687973,1.9210803698728285,8.424847979558633,ADA
229,2021-04-18 22:00:00+00:00,2021-04-20 22:00:00+00:00,1,48,-0.0017333166878254508,False,0.12118263707981537,0.03997834342927094,3.7578030839487115,1.2397051743537113,ADA
230,2021-05-09 22:00:00+00:00,2021-05-11 22:00:00+00:00,-1,48,0.03095926068968315,False,0.015902150878539544,0.15968896527557616,0.5845087055036158,5.8696204739450435,ADA
231,2021-12-05 22:00:00+00:00,2021-12-07 22:00:00+00:00,1,48,0.02271786436215319,False,0.07620941020543416,0.08843236875046011,3.0523278728559915,3.5418799761353017,ADA
232,2021-12-12 22:00:00+00:00,2021-12-14 22:00:00+00:00,-1,48,0.06462224709772606,False,0.006112829577257473,0.11820592134334945,0.39342151681827897,7.607729331244847,ADA
233,2022-01-16 22:00:00+00:00,2022-01-18 22:00:00+00:00,-1,48,-0.060518495615842646,False,0.17230262215217093,0.00680613268376547,12.113050894734169,0.47847810187098794,ADA
234,2022-06-12 22:00:00+00:00,2022-06-14 22:00:00+00:00,1,48,-0.0838265957771826,False,0.1491896114040227,0.014450302675258665,5.4128896141464,0.5242851196948055,ADA
235,2022-07-24 22:00:00+00:00,2022-07-26 22:00:00+00:00,-1,48,0.12861579142014784,False,0.008622341444721111,0.13680781758957658,0.6653671553460347,10.557158864823876,ADA
236,2022-08-14 22:00:00+00:00,2022-08-16 22:00:00+00:00,-1,48,0.012477849102359499,False,0.019985974754558145,0.049438990182328196,1.7753521420785454,4.391660561983784,ADA
237,2022-09-04 22:00:00+00:00,2022-09-06 22:00:00+00:00,-1,48,0.06874607282857517,False,0.026864474739374433,0.07999198075380923,2.395610547569354,7.133198570747579,ADA
238,2022-11-13 22:00:00+00:00,2022-11-15 22:00:00+00:00,1,48,0.0256576142352538,False,0.04269594388533093,0.051540103690149344,2.918978539274266,3.523624093838212,ADA
239,2022-12-18 22:00:00+00:00,2022-12-20 22:00:00+00:00,1,48,-0.030198529139666926,False,0.06726794438181134,0.01164975573092819,9.168977101878335,1.5879234087051823,ADA
240,2023-01-08 22:00:00+00:00,2023-01-10 22:00:00+00:00,-1,48,-0.1124396434633717,False,0.19345955249569718,0.003098106712564394,18.66842090963286,0.2989604772005116,ADA
241,2023-04-02 22:00:00+00:00,2023-04-04 22:00:00+00:00,1,48,0.03424423564719992,False,0.02578947368421061,0.06526315789473681,2.840675199876726,7.188647444585975,ADA
242,2023-05-28 22:00:00+00:00,2023-05-30 22:00:00+00:00,-1,48,0.003480486919304251,False,0.017650158061116923,0.013171759747102225,2.552732867170578,1.9050245277392435,ADA
243,2023-06-11 22:00:00+00:00,2023-06-13 22:00:00+00:00,1,48,4.102506004617537e-05,False,0.03679417122040072,0.05500910746812387,1.7266864739950338,2.5814817581509923,ADA
244,2023-10-01 22:00:00+00:00,2023-10-03 22:00:00+00:00,-1,48,0.009642398062405128,False,0.02863688430698721,0.018327605956472034,4.191930707845539,2.682835653021177,ADA
245,2023-10-08 22:00:00+00:00,2023-10-10 22:00:00+00:00,1,48,-0.03351152330146369,False,0.04163424124513625,0.005836575875486387,9.287464957534656,1.3019810688132687,ADA
246,2023-10-22 22:00:00+00:00,2023-10-24 22:00:00+00:00,-1,48,-0.07450130209763858,False,0.1304347826086956,0.0023085802231629276,16.532222088080925,0.2926057006740207,ADA
247,2023-11-05 22:00:00+00:00,2023-11-07 22:00:00+00:00,-1,48,-0.037151878524092304,False,0.1013473930872877,0.022554188635032175,7.687554546960845,1.7108141621849235,ADA
248,2023-12-10 22:00:00+00:00,2023-12-12 22:00:00+00:00,-1,48,0.052499108416701495,False,0.019143576826196416,0.14743912678421492,0.8229266825837855,6.337979186917243,ADA
249,2024-04-14 22:00:00+00:00,2024-04-16 22:00:00+00:00,1,48,0.03466731829359421,False,0.016375056078959116,0.11013907581875289,0.5777921211787778,3.886245636969604,ADA
250,2024-07-14 22:00:00+00:00,2024-07-16 22:00:00+00:00,-1,48,-0.0019765329319336262,False,0.0335923217550274,0.026051188299817108,3.488229031797565,2.705157208332799,ADA
251,2024-09-08 22:00:00+00:00,2024-09-10 22:00:00+00:00,-1,48,-0.015290383893199545,False,0.035025230038587214,0.005342831700801331,3.851453931530479,0.5875099217588747,ADA
252,2024-09-15 22:00:00+00:00,2024-09-17 22:00:00+00:00,1,48,-0.014230462916758583,False,0.037485242030696544,0.012101534828807534,5.072227201233408,1.6374906712643271,ADA
253,2024-11-03 22:00:00+00:00,2024-11-05 22:00:00+00:00,1,48,-0.005577008866828884,False,0.04363419007770473,0.010460251046025113,3.8096949975851198,0.9132830473662964,ADA
254,2024-11-10 22:00:00+00:00,2024-11-12 22:00:00+00:00,-1,48,0.006937409595296588,False,0.11460635946267644,0.05509267131440229,2.642547448343779,1.2703047081059107,ADA
255,2025-01-19 22:00:00+00:00,2025-01-21 22:00:00+00:00,1,48,-0.0027409247570300476,False,0.06387795275590558,0.08395669291338576,2.633382788406835,3.4611333104946476,ADA
256,2025-02-02 22:00:00+00:00,2025-02-04 22:00:00+00:00,1,48,-0.05484988854228142,False,0.35755740600555136,0.03949028513752208,13.315045152737188,1.4705748527899576,ADA
257,2025-03-02 22:00:00+00:00,2025-03-04 22:00:00+00:00,-1,48,0.07936973389929128,False,0.11858760826115927,0.280003806985819,2.5309882077692287,5.976057228938258,ADA
258,2025-04-06 22:00:00+00:00,2025-04-08 22:00:00+00:00,1,48,-0.019963736566816694,False,0.11702679343128777,0.07173725151253238,6.866895044584699,4.209396519206277,ADA
259,2020-11-22 22:00:00+00:00,2020-11-24 22:00:00+00:00,-1,48,-0.04375224976377001,False,0.07775822323575338,0.044171231688273034,3.7654983876674537,2.139023948620785,AVAX
260,2021-01-10 22:00:00+00:00,2021-01-12 22:00:00+00:00,-1,48,-0.15007700623669745,False,0.21199822904368368,0.15962219598583233,5.0304403476449515,3.7876256735209024,AVAX
261,2021-01-17 22:00:00+00:00,2021-01-19 22:00:00+00:00,-1,48,0.0857182098064165,False,0.039197141656158035,0.13309163514081543,0.8522883302671899,2.893895898883099,AVAX
262,2021-02-07 22:00:00+00:00,2021-02-09 22:00:00+00:00,-1,48,-0.35851608669867696,False,0.48787150781555383,0.009745835291430692,10.1355027276364,0.2024691718966616,AVAX
263,2021-04-18 22:00:00+00:00,2021-04-20 22:00:00+00:00,1,48,-0.029021982905042716,False,0.18017162818955043,0.05884789572517393,3.6762719798742487,1.200748821015349,AVAX
264,2021-05-23 22:00:00+00:00,2021-05-25 22:00:00+00:00,1,48,0.2185132046180167,False,0.03368691738990673,0.3226615236258439,0.5044062972200932,4.831326728526054,AVAX
265,2021-07-04 22:00:00+00:00,2021-07-06 22:00:00+00:00,-1,48,-0.04111833765692153,False,0.11944291447006064,0.09434259186403335,7.1506786978043175,5.647999841019349,AVAX
266,2021-09-12 22:00:00+00:00,2021-09-14 22:00:00+00:00,-1,48,0.148727204396272,False,0.05298603375888966,0.17760260474680828,1.1940143841876822,4.002187929405275,AVAX
267,2021-11-07 22:00:00+00:00,2021-11-09 22:00:00+00:00,-1,48,-0.051531635324740116,False,0.12704203750609994,0.027769386284944117,6.30820908990159,1.3788750434301085,AVAX
268,2021-11-14 22:00:00+00:00,2021-11-16 22:00:00+00:00,-1,48,-0.07100470184247928,False,0.09600249776600672,0.10855592519621458,5.087370429928375,5.752602449811348,AVAX
269,2021-11-21 22:00:00+00:00,2021-11-23 22:00:00+00:00,-1,48,0.04353575377329289,False,0.09650945748853226,0.05833188492318394,2.787351958798405,1.6847208339178554,AVAX
270,2021-12-05 22:00:00+00:00,2021-12-07 22:00:00+00:00,1,48,0.07799234488674851,False,0.09280488235917853,0.13829423754373976,2.8046919724826855,4.179443236384636,AVAX
271,2022-05-01 22:00:00+00:00,2022-05-03 22:00:00+00:00,1,48,0.011896329416295766,False,0.03375383566314349,0.06546198431639966,1.5204246554554903,2.9487023620955037,AVAX
272,2022-05-08 22:00:00+00:00,2022-05-10 22:00:00+00:00,1,48,-0.20026668337347275,False,0.24288425047438336,0.00664136622390881,11.839162681333004,0.323727104567694,AVAX
273,2022-06-12 22:00:00+00:00,2022-06-14 22:00:00+00:00,1,48,-0.13531428183914604,False,0.2017543859649122,0.002741228070175478,6.70323444710654,0.09107655498786195,AVAX
274,2022-08-07 22:00:00+00:00,2022-08-09 22:00:00+00:00,-1,48,0.014947668689544722,False,0.09500177242112724,0.04643743353420781,6.431072393007236,3.143546580163991,AVAX
275,2022-08-28 22:00:00+00:00,2022-08-30 22:00:00+00:00,1,48,0.011745610407123526,False,0.0939283860923715,0.07109496626881168,6.175361530722995,4.674168672425699,AVAX
276,2023-01-15 22:00:00+00:00,2023-01-17 22:00:00+00:00,-1,48,-0.03683483913398507,False,0.07927298561364053,0.05274998519921842,4.0869631727070015,2.7195550312785106,AVAX
277,2023-04-16 22:00:00+00:00,2023-04-18 22:00:00+00:00,-1,48,-0.03446675099195219,False,0.0545108191276315,0.02652273726371315,4.553652680724534,2.2156213312127417,AVAX
278,2023-06-11 22:00:00+00:00,2023-06-13 22:00:00+00:00,1,48,0.009013003118984182,False,0.040598658179941474,0.038190263203165396,3.1314604604157337,2.9456958568317577,AVAX
279,2023-07-09 22:00:00+00:00,2023-07-11 22:00:00+00:00,-1,48,0.029444026100400394,False,0.01495710829239685,0.03614634503995884,1.6004936569084265,3.8678596708620074,AVAX
280,2023-09-10 22:00:00+00:00,2023-09-12 22:00:00+00:00,1,48,-0.024662152084012807,False,0.05350747840741512,0.011375605645671007,5.55360740743252,1.1806881889817247,AVAX
281,2023-10-01 22:00:00+00:00,2023-10-03 22:00:00+00:00,-1,48,0.011714938781321821,False,0.02834431544817496,0.04351009308649727,3.752555272163232,5.760380048781924,AVAX
282,2023-10-08 22:00:00+00:00,2023-10-10 22:00:00+00:00,1,48,-0.05833287644089676,False,0.0831019436731455,0.006049186830622763,7.249489646008327,0.527707480198697,AVAX
283,2023-10-22 22:00:00+00:00,2023-10-24 22:00:00+00:00,-1,48,-0.05264488730787458,False,0.09536839971622568,0.0020269585486978156,8.033543379847261,0.17074481147391735,AVAX
284,2023-10-29 22:00:00+00:00,2023-10-31 22:00:00+00:00,-1,48,0.002680037567444578,False,0.04734781060875756,0.023050907796368845,4.368061261331373,2.1265561403850137,AVAX
285,2023-11-12 22:00:00+00:00,2023-11-14 22:00:00+00:00,-1,48,0.08587512332441444,False,0.052189179124328244,0.17247433101026763,1.790432560094509,5.917005463635485,AVAX
286,2023-12-10 22:00:00+00:00,2023-12-12 22:00:00+00:00,-1,48,-0.006716613156057743,False,0.17073370232025523,0.13771573465659673,6.11906166217443,4.935704320607319,AVAX
287,2024-01-28 22:00:00+00:00,2024-01-30 22:00:00+00:00,-1,48,-0.03127186741632172,False,0.06287202380952368,0.01777129120879127,3.7607104480974023,1.062995534032089,AVAX
288,2024-06-23 22:00:00+00:00,2024-06-25 22:00:00+00:00,1,48,0.010806533950899259,False,0.06829927645702473,0.024687922398028094,4.632269462873797,1.674411720864157,AVAX
289,2024-07-21 22:00:00+00:00,2024-07-23 22:00:00+00:00,-1,48,0.08829446822342762,False,0.008804377732261436,0.10082235333679797,0.47888216313804477,5.483865882046007,AVAX
290,2024-08-04 22:00:00+00:00,2024-08-06 22:00:00+00:00,1,48,-0.012321047977788411,False,0.2022196531791908,0.012023121387283309,11.017186993276331,0.6550351288021639,AVAX
291,2024-09-08 22:00:00+00:00,2024-09-10 22:00:00+00:00,-1,48,-0.047802771673835724,False,0.059682211600568524,0.009301123885802762,5.514382639428519,0.8593843074433941,AVAX
292,2024-10-13 22:00:00+00:00,2024-10-15 22:00:00+00:00,-1,48,0.022416039750666486,False,0.03583694709453604,0.045758889852558514,3.4696573909877864,4.430278895172199,AVAX
293,2024-11-10 22:00:00+00:00,2024-11-12 22:00:00+00:00,-1,48,-0.09418660381633509,False,0.19641102057639254,0.02580767889413779,8.265646968379146,1.086075324013015,AVAX
294,2025-01-19 22:00:00+00:00,2025-01-21 22:00:00+00:00,1,48,0.020368698491702683,False,0.05781596300653952,0.10816209264782344,2.8381045428118794,5.3095254414270565,AVAX
295,2025-02-02 22:00:00+00:00,2025-02-04 22:00:00+00:00,1,48,-0.05370007357820504,False,0.23568186730062674,0.03605648008068587,9.084908304096148,1.3898812795965543,AVAX
296,2025-03-02 22:00:00+00:00,2025-03-04 22:00:00+00:00,-1,48,0.19757869474370449,False,0.013364018087855277,0.23982558139534887,0.6856998390924108,12.305308290661412,AVAX
297,2025-03-09 22:00:00+00:00,2025-03-11 22:00:00+00:00,1,48,-0.00676071078157468,False,0.151198354001001,0.05966746371573155,7.641653469085251,3.0156286032837345,AVAX
298,2025-04-06 22:00:00+00:00,2025-04-08 22:00:00+00:00,1,48,0.010671102651986033,False,0.092418235877106,0.09799306243805754,5.582118698891567,5.918841676706748,AVAX
299,2020-05-31 22:00:00+00:00,2020-06-02 22:00:00+00:00,-1,48,-0.05707888843285115,False,0.0985748218527316,0.026128266033254233,7.08128028924907,1.8769658598009635,LINK
300,2020-07-12 22:00:00+00:00,2020-07-14 22:00:00+00:00,-1,48,-0.11739055196706989,False,0.19681964011717124,0.04324173524898865,8.788832019645664,1.930926949744969,LINK
301,2020-08-09 22:00:00+00:00,2020-08-11 22:00:00+00:00,-1,48,0.08826989608898306,False,0.018027571580063684,0.1451396253092965,0.4315495245091841,3.474396760068046,LINK
302,2020-08-16 22:00:00+00:00,2020-08-18 22:00:00+00:00,-1,48,0.11554405910088276,False,0.041940746197968774,0.2290690943535231,1.7582051507932852,9.602844443416767,LINK
303,2020-12-13 22:00:00+00:00,2020-12-15 22:00:00+00:00,-1,48,0.020920754343476067,False,0.0032238256063862308,0.05419097328830222,0.2567618538225672,4.316044495207943,LINK
304,2021-01-03 22:00:00+00:00,2021-01-05 22:00:00+00:00,-1,48,-0.0864895639329111,False,0.1852626858979149,0.07832000597862641,6.540957867216469,2.7651971943698515,LINK
305,2021-01-17 22:00:00+00:00,2021-01-19 22:00:00+00:00,-1,48,0.09242250498598822,False,0.01702164057822255,0.12761953639551799,0.46845712405413653,3.5122514024561435,LINK
306,2021-02-14 22:00:00+00:00,2021-02-16 22:00:00+00:00,-1,48,0.0713748887913316,False,0.025671081936466934,0.20671668034228113,0.9357565199149428,7.535190058767152,LINK
307,2021-05-16 22:00:00+00:00,2021-05-18 22:00:00+00:00,1,48,0.08783877615133111,False,0.11677325142252895,0.12538395689611753,3.7455907524416836,4.021785672091322,LINK
308,2021-05-23 22:00:00+00:00,2021-05-25 22:00:00+00:00,1,48,0.2783039204870291,False,0.02532214563979612,0.37004295275197296,0.35387899685786295,5.171379660197077,LINK
309,2021-07-04 22:00:00+00:00,2021-07-06 22:00:00+00:00,-1,48,0.006213614030869754,False,0.020899430931157734,0.10545399607191407,1.4661694629990114,7.3979731458311635,LINK
310,2021-12-05 22:00:00+00:00,2021-12-07 22:00:00+00:00,1,48,0.07175524410078303,False,0.10385216033315986,0.10229047371160853,4.042591217698092,3.9818003723191713,LINK
311,2022-01-02 22:00:00+00:00,2022-01-04 22:00:00+00:00,-1,48,-0.10583088415599173,False,0.11907810499359808,0.02885494786903239,8.776266959333825,2.12666069559894,LINK
312,2022-01-23 22:00:00+00:00,2022-01-25 22:00:00+00:00,1,48,-0.015241968890350777,False,0.1340570400822199,0.06905190133607407,4.363070382874556,2.247388913076259,LINK
313,2022-03-27 22:00:00+00:00,2022-03-29 22:00:00+00:00,-1,48,-0.012757582985285069,False,0.05558901469525427,0.016863406408094292,5.3016709900171275,1.6083075592684506,LINK
314,2022-05-01 22:00:00+00:00,2022-05-03 22:00:00+00:00,1,48,-0.009241509735379651,False,0.033360309324701055,0.03363006923837773,2.023535978037402,2.0398988026576417,LINK
315,2022-05-08 22:00:00+00:00,2022-05-10 22:00:00+00:00,1,48,-0.20013247971426157,False,0.22650034377762493,0.0015715548570867316,13.57593965448159,0.09419559170498946,LINK
316,2022-06-05 22:00:00+00:00,2022-06-07 22:00:00+00:00,-1,48,-0.13650208606320594,False,0.16325737959606412,0.05424650440186438,9.726368981384784,3.231838701982737,LINK
317,2022-06-12 22:00:00+00:00,2022-06-14 22:00:00+00:00,1,48,-0.0327283555760657,False,0.20277400874415796,0.019598974822855404,6.926073506538062,0.6694346140148308,LINK
318,2022-10-30 22:00:00+00:00,2022-11-01 22:00:00+00:00,-1,48,0.024530109336231086,False,0.06050955414012735,0.029044585987261118,4.29905359357455,2.0635457249157834,LINK
319,2022-11-06 22:00:00+00:00,2022-11-08 22:00:00+00:00,1,48,-0.09388061127573659,False,0.21954161640530756,0.14354644149577822,15.356554097803665,10.040823833179333,LINK
320,2022-11-13 22:00:00+00:00,2022-11-15 22:00:00+00:00,1,48,0.06338675186629547,False,0.05409454061251667,0.109520639147803,2.747194501459024,5.562012252184732,LINK
321,2023-02-19 22:00:00+00:00,2023-02-21 22:00:00+00:00,-1,48,0.047817364781892246,False,0.05800931168994582,0.056247640619101556,3.6193791357642486,3.5094630665653392,LINK
322,2023-04-16 22:00:00+00:00,2023-04-18 22:00:00+00:00,-1,48,-0.059291259528331364,False,0.07931837685423565,0.03690082138040948,7.462085189094932,3.4715419504135623,LINK
323,2023-05-28 22:00:00+00:00,2023-05-30 22:00:00+00:00,-1,48,-0.013175049713200047,False,0.018143009605122697,0.005641103826802854,3.574173116469387,1.1112975236081286,LINK
324,2023-06-11 22:00:00+00:00,2023-06-13 22:00:00+00:00,1,48,0.0145326478345029,False,0.03497584541062803,0.04657004830917885,2.8938482996386212,3.8531350288006028,LINK
325,2023-10-22 22:00:00+00:00,2023-10-24 22:00:00+00:00,-1,48,-0.08403454923293736,False,0.17666912772914256,0.0031642231832084548,7.900499383351502,0.14150148149285965,LINK
326,2023-11-19 22:00:00+00:00,2023-11-21 22:00:00+00:00,-1,48,0.06557673782289597,False,0.02830818533849643,0.09867806115636266,2.0127018791451956,7.015974946642929,LINK
327,2023-12-03 22:00:00+00:00,2023-12-05 22:00:00+00:00,-1,48,0.02475568579814155,False,0.028626910548734587,0.05600100225507392,2.8050637257699793,5.487367551068638,LINK
328,2024-01-14 22:00:00+00:00,2024-01-16 22:00:00+00:00,-1,48,-0.0032297104510470324,False,0.047721775511538236,0.036869974504804864,3.104247446342812,2.3983500818319796,LINK
329,2024-02-11 22:00:00+00:00,2024-02-13 22:00:00+00:00,-1,48,0.017800349344421876,False,0.03098897840162106,0.04290021252409441,2.4695729368248185,3.4188027259393166,LINK
330,2024-04-14 22:00:00+00:00,2024-04-16 22:00:00+00:00,1,48,0.009322529732952754,False,0.04700981850639701,0.0904492710502826,1.777577544183607,3.420149198935538,LINK
331,2024-07-21 22:00:00+00:00,2024-07-23 22:00:00+00:00,-1,48,0.0652882838881276,False,0.011594984495078913,0.09134420924902255,0.7622946189015576,6.005286096579113,LINK
332,2024-08-04 22:00:00+00:00,2024-08-06 22:00:00+00:00,1,48,-0.061705641963976834,False,0.28143274853801176,0.011604532163742588,16.162648751863415,0.6664468803528036,LINK
333,2024-09-08 22:00:00+00:00,2024-09-10 22:00:00+00:00,-1,48,-0.030787302023979814,False,0.051506316812439376,0.003012633624878407,6.389042584508174,0.3736987172070667,LINK
334,2024-10-27 22:00:00+00:00,2024-10-29 22:00:00+00:00,1,48,0.05424501460682716,False,0.028065395095367783,0.06594005449591289,3.0950511173146826,7.271867673690834,LINK
335,2024-11-10 22:00:00+00:00,2024-11-12 22:00:00+00:00,-1,48,0.005113809970054707,False,0.07877000842459983,0.04394832912103338,4.127945993466973,2.3031142530395035,LINK
336,2024-11-24 22:00:00+00:00,2024-11-26 22:00:00+00:00,-1,48,0.02430747557743263,False,0.0764324019192774,0.08636748518204918,3.089806744135773,3.4914359811873994,LINK
337,2025-02-02 22:00:00+00:00,2025-02-04 22:00:00+00:00,1,48,-0.02754206078427108,False,0.23950118296529968,0.08517350157728697,8.937558304868876,3.178452510972093,LINK
338,2025-03-02 22:00:00+00:00,2025-03-04 22:00:00+00:00,-1,48,0.13668826220635114,False,0.012357085113754395,0.24569811756553878,0.5513708152959744,10.963003827497133,LINK
339,2025-03-09 22:00:00+00:00,2025-03-11 22:00:00+00:00,1,48,-0.018870363334009328,False,0.13741347905282325,0.060837887067395326,7.529313114431503,3.3334975877785333,LINK
340,2025-04-06 22:00:00+00:00,2025-04-08 22:00:00+00:00,1,48,-0.022062623503146833,False,0.10832524057561581,0.049174538712810134,5.954977885010104,2.7032784693974157,LINK
341,2020-02-16 22:00:00+00:00,2020-02-18 22:00:00+00:00,1,48,0.0783776402079333,False,0.04097329044888836,0.10753740735561455,1.46850438333905,3.8541975112209093,LTC
342,2020-02-23 22:00:00+00:00,2020-02-25 22:00:00+00:00,-1,48,0.09193929035943915,False,0.015866971312515868,0.1183041381061184,1.315204466785921,9.806164504355834,LTC
343,2020-03-08 22:00:00+00:00,2020-03-10 22:00:00+00:00,1,48,-0.03981430693377066,False,0.11400342010260307,0.014440433212996352,5.246485638515693,0.6645548475453193,LTC
344,2020-05-10 22:00:00+00:00,2020-05-12 22:00:00+00:00,1,48,-0.009802416762513654,False,0.07277882797731565,0.01275992438563325,3.344958932030941,0.5864538387326969,LTC
345,2020-07-26 22:00:00+00:00,2020-07-28 22:00:00+00:00,-1,48,-0.15741594206698917,False,0.2136023294509152,0.028702163061563965,15.734747982702146,2.1143088818041758,LTC
346,2020-08-16 22:00:00+00:00,2020-08-18 22:00:00+00:00,-1,48,-0.07449175747919531,False,0.11509281678773196,0.01033091202582729,6.654107430889267,0.5972831354514919,LTC
347,2020-08-30 22:00:00+00:00,2020-09-01 22:00:00+00:00,-1,48,-0.03247766710925716,False,0.046575787082116155,0.030347289840960686,4.064296558147355,2.6481653532179616,LTC
348,2020-10-11 22:00:00+00:00,2020-10-13 22:00:00+00:00,-1,48,0.010450156679614858,False,0.01936758893280626,0.036166007905138305,1.8320527258666568,3.4210780493224386,LTC
349,2020-10-25 22:00:00+00:00,2020-10-27 22:00:00+00:00,-1,48,0.02229275551104592,False,0.007979626485568742,0.066723259762309,0.6027764960725007,5.040237509712624,LTC
350,2020-11-29 22:00:00+00:00,2020-12-01 22:00:00+00:00,-1,48,-0.10888140964442697,False,0.16762716111250328,0.03946379353545467,7.796078588320266,1.835399667653868,LTC
351,2020-12-13 22:00:00+00:00,2020-12-15 22:00:00+00:00,-1,48,0.0010996330612806889,False,0.03280680437424062,0.038517618469015816,2.4820485410672535,2.9141088426604407,LTC
352,2021-01-03 22:00:00+00:00,2021-01-05 22:00:00+00:00,-1,48,-0.010953392436892582,False,0.11883408071748887,0.10634208840486864,4.0118790606693,3.5901451432404485,LTC
353,2021-02-14 22:00:00+00:00,2021-02-16 22:00:00+00:00,-1,48,0.0529121355076441,False,0.0206874456496864,0.1564831342395533,0.7484134232975881,5.661118350120495,LTC
354,2021-04-11 22:00:00+00:00,2021-04-13 22:00:00+00:00,-1,48,-0.057402859464413473,False,0.10696868324533458,0.03268711458627227,4.669366630305,1.426848657564946,LTC
355,2021-04-18 22:00:00+00:00,2021-04-20 22:00:00+00:00,1,48,0.004766569942894195,False,0.12997101018360216,0.04883669070095884,3.3345832684692365,1.2529718086269868,LTC
356,2021-05-23 22:00:00+00:00,2021-05-25 22:00:00+00:00,1,48,0.22107333744377897,False,0.02618130906545314,0.36198809940497034,0.4241507886247382,5.864394994595008,LTC
357,2021-07-04 22:00:00+00:00,2021-07-06 22:00:00+00:00,-1,48,0.075197489746115,False,6.774608766337581e-05,0.09437030011516839,0.006238982581046627,8.690902735405862,LTC
358,2021-11-14 22:00:00+00:00,2021-11-16 22:00:00+00:00,-1,48,0.15217229645450087,False,0.031944902370223724,0.1940506282741694,1.4887608045329883,9.043538969737694,LTC
359,2021-12-05 22:00:00+00:00,2021-12-07 22:00:00+00:00,1,48,0.04168658515402944,False,0.08714765968451008,0.07143780708559595,3.28124515161017,2.689744727395569,LTC
360,2022-06-12 22:00:00+00:00,2022-06-14 22:00:00+00:00,1,48,-0.10733341489075844,False,0.19080136573609158,0.00020084354288005645,9.36375210678713,0.009856581165037123,LTC
361,2022-06-19 22:00:00+00:00,2022-06-21 22:00:00+00:00,-1,48,0.016323404058522072,False,0.021846888195336842,0.05874793464292263,0.7319679692482538,1.9683172282305994,LTC
362,2022-07-17 22:00:00+00:00,2022-07-19 22:00:00+00:00,-1,48,-0.046439748961008116,False,0.061431623931623984,0.017094017094016985,4.292775382513091,1.194511410786243,LTC
363,2023-01-01 22:00:00+00:00,2023-01-03 22:00:00+00:00,-1,48,-0.06094774914511081,False,0.09859353023909993,0.015330520393811383,12.947825480882774,2.0132852744881706,LTC
364,2023-01-29 22:00:00+00:00,2023-01-31 22:00:00+00:00,-1,48,0.036055982992711934,False,0.0018568186507118508,0.09222199298535175,0.14823458284663035,7.362317614715694,LTC
365,2023-05-07 22:00:00+00:00,2023-05-09 22:00:00+00:00,1,48,-0.05412121992488925,False,0.10756782484531183,0.013802950975725804,14.97892727529551,1.922074738865346,LTC
366,2023-06-11 22:00:00+00:00,2023-06-13 22:00:00+00:00,1,48,-0.010014040865368166,False,0.03821492690433449,0.023467555783534218,3.2600430752338525,2.0019727609657507,LTC
367,2024-03-03 22:00:00+00:00,2024-03-05 22:00:00+00:00,-1,48,0.10887780069872571,False,0.023714979042576724,0.22214868740348556,1.5606266927984431,14.619079810679331,LTC
368,2024-03-24 22:00:00+00:00,2024-03-26 22:00:00+00:00,-1,48,-0.06505377343723084,False,0.08303611234953191,0.023963441818992483,6.335422785224712,1.8283434883534444,LTC
369,2024-04-14 22:00:00+00:00,2024-04-16 22:00:00+00:00,1,48,0.039339857471445,False,0.02284231018818937,0.07436729396495788,0.9428352477661681,3.069571573693281,LTC
370,2024-11-03 22:00:00+00:00,2024-11-05 22:00:00+00:00,1,48,-0.021117858141014984,False,0.03967188665175238,0.009992542878448944,3.7964084280059294,0.9562382130691662,LTC
371,2024-11-10 22:00:00+00:00,2024-11-12 22:00:00+00:00,-1,48,-0.025135472069232036,False,0.09462848092912765,0.022172363732347797,6.171150835695553,1.4459600284474867,LTC
372,2024-12-01 22:00:00+00:00,2024-12-03 22:00:00+00:00,-1,48,-0.11260275897551061,False,0.1734351401241818,0.03918442691726801,8.257219830309372,1.8655644222324534,LTC
373,2025-01-19 22:00:00+00:00,2025-01-21 22:00:00+00:00,1,48,0.021427852690896847,False,0.05469678953626633,0.09453032104637345,2.3143231025232094,3.9997540576216384,LTC
374,2025-02-02 22:00:00+00:00,2025-02-04 22:00:00+00:00,1,48,-0.0758572621549515,False,0.2642606608824073,0.021783274875392278,11.12798102416124,0.9172907864834269,LTC
375,2025-04-06 22:00:00+00:00,2025-04-08 22:00:00+00:00,1,48,-0.015047974746945188,False,0.11401658934345554,0.033038099254885545,6.301779048638588,1.8260395517016954,LTC
