min_move,hold_bars,median_sharpe,min_sharpe,positive,median_cagr,worst_dd,trades_per_year,cost_drag,median_trades,killed,spec_hash
0.25,12,-0.5585220537910395,-1.3320560527087564,0.0,-0.13324128337142915,-0.8901118244933559,31.551780814544585,0.05048284930327134,157.5,0.0,fcebbced0e6b5b18
0.25,24,-0.2139993620186306,-0.7972003628061222,0.2,-0.12267914944449715,-0.8465272738421374,31.551780814544585,0.05048284930327134,157.5,0.0,3f5643e5d8326fdb
0.25,48,-0.3301137549923747,-0.79217169714059,0.3,-0.19455456085028439,-0.977299008703042,31.551780814544585,0.05048284930327134,157.5,0.0,77b5c4e1ff0fe8c9
0.5,12,-0.42459677920439776,-0.7614597759893057,0.0,-0.1108928758810318,-0.7203011503707395,19.5382647108101,0.031261223537296164,94.5,0.0,f305f006facbf5a9
0.5,24,-0.23245031076577846,-0.5454878797403498,0.3,-0.0868929259909127,-0.8113401097159179,19.5382647108101,0.031261223537296164,94.5,0.0,410b71f8a5871295
0.5,48,-0.21981693904667024,-0.6723486465407288,0.2,-0.1477486773370567,-0.932952529937709,19.5382647108101,0.031261223537296164,94.5,0.0,7e7018063409b0e8
1.0,12,-0.6794114441658792,-1.3258784028233717,0.0,-0.10644479696837106,-0.7152614371552342,7.606035532598328,0.012169656852157325,39.0,0.0,b51f0e69a6f02d07
1.0,24,-0.2501444768979078,-1.0800380181456695,0.1,-0.08867045837350584,-0.7933625513742322,7.606035532598328,0.012169656852157325,39.0,0.0,89aacf0bdf21bc3c
1.0,48,-0.2596932898000433,-0.9719509069783079,0.1,-0.14210011568043485,-0.841091935372694,7.606035532598328,0.012169656852157325,39.0,0.0,bdae7850b7689807
