threshold,hold_bars,median_sharpe,min_sharpe,positive,median_cagr,worst_dd,trades_per_year,cost_drag,median_trades,killed,spec_hash
0.0003,1,-0.4157009582877531,-1.7235869087243227,0.1,-0.12242535422509149,-0.8846732075136833,156.15416167541056,0.24984665868065692,777.0,0.0,ffe0de1d5a90dfb9
0.0003,2,-0.21008094569239733,-1.0230572251816685,0.4,-0.07722625669255462,-0.8646279555095464,156.15416167541056,0.24984665868065692,777.0,0.0,5c32a121a2fb9406
0.0003,4,-0.5634749541799391,-1.3584755383642384,0.2,-0.21901944326247097,-0.9676285780110384,156.15416167541056,0.24984665868065692,777.0,0.0,d851fa7b21e874db
0.0005,1,-0.31036928199990577,-1.094757496272593,0.4,-0.07802507427846644,-0.7166413168436827,96.06213943013108,0.15369942308820977,463.5,0.0,0a77e629990c4090
0.0005,2,-0.09711047344647282,-1.1262411940318684,0.4,-0.05979878752365392,-0.7133999156471025,96.06213943013108,0.15369942308820977,463.5,0.0,cdd1b63a6848312c
0.0005,4,-0.5045904344610724,-1.4122723799850982,0.2,-0.20280514808627575,-0.9536479002743626,96.06213943013108,0.15369942308820977,463.5,0.0,e694a5cc23e7163d
0.001,1,0.13859148505946559,-0.886009423230729,0.6,0.009557076412450405,-0.3409087988871028,37.40454358335335,0.05984726973336537,186.0,0.0,15d0aa8ac7ec76ca
0.001,2,-0.0803999837543041,-0.8103591888209023,0.4,-0.019893211408827938,-0.42747961199397666,37.40454358335335,0.05984726973336537,186.0,0.0,3c0bc4e73975c9bf
0.001,4,-0.4939664296845503,-0.9679604324272474,0.1,-0.12788008719437927,-0.7880742919576353,37.40454358335335,0.05984726973336537,186.0,0.0,b6335d167e1f4dfd
