,years,total_return,cagr,ann_vol,sharpe,sortino,max_drawdown,calmar,trades,trades_per_year,win_rate,profit_factor,avg_trade,avg_bars_held,exposure,turnover_per_year,cost_drag_per_year,funding_drag_per_year
BTC,5.645448323066393,2.6680905290547114,0.2588716078370903,0.20196149379624062,1.2402902978708452,1.5607850845264142,-0.2543933451977577,1.0176036941369333,75.0,13.285038797284189,0.3333333333333333,2.5047756564827446,0.01837961735794988,14.946666666666667,0.5480116391852571,16.68731841138782,0.013349854729110256,0.044948928168893856
ETH,5.426420260095825,1.9571054792527471,0.22116123475990834,0.20521215080177468,1.075763219969906,1.2857625499884793,-0.25775603172843464,0.8580254486262355,77.0,14.189833501513622,0.4155844155844156,2.496955858964101,0.015557595097921246,13.792207792207792,0.5358224016145308,14.883059068639641,0.011906447254911714,0.04572271806035316
SOL,4.6269678302532515,3.7606720411816523,0.40107231769132246,0.19063229602057818,1.8642130263631156,2.462192123907597,-0.1635712027484496,2.451973886308811,56.0,12.102958579881657,0.48214285714285715,5.060882625459703,0.02941668195536658,14.696428571428571,0.49171597633136094,7.8228903228728415,0.006258312258298274,0.020218264879580897
BNB,5.221081451060917,1.2761990066031874,0.17062259964531523,0.20622742255371818,0.8668036692145288,0.9887952023346182,-0.3295755520468199,0.5177040547627647,97.0,18.578526481384372,0.35051546391752575,1.9274993889868313,0.009621790336350609,10.77319587628866,0.5479811221814368,20.18001674705983,0.016144013397647865,0.0028307787164516224
XRP,5.316906228610541,0.7706980374167429,0.11345032121816812,0.20089879880058298,0.6333810595930827,0.7891427761988887,-0.32040194534623145,0.35408749187078714,75.0,14.105947476828012,0.36,1.7006708808758422,0.009031493480508919,12.093333333333334,0.4691040164778579,12.990834149904927,0.010392667319923941,0.03388766119480218
DOGE,4.80766598220397,3.907228967190699,0.39217792099685345,0.30029663537943346,1.2324114440633838,2.612493417270056,-0.2031724497249544,1.9302711638697374,60.0,12.480068337129842,0.38333333333333336,4.106128122129588,0.029925152107262192,13.233333333333333,0.4550113895216401,11.291219739084918,0.009032975791267935,0.023709151510528936
ADA,5.248459958932238,1.4319145649426654,0.1845012831574102,0.1927247197677083,0.9739773513140701,1.1802651560559057,-0.3136273602171562,0.5882818483363861,68.0,12.956181533646323,0.3235294117647059,2.016685346559626,0.014688790749498302,12.911764705882353,0.4606155451225874,10.811573728508133,0.008649258982806508,0.029694653791851374
AVAX,4.602327173169062,1.0286760917120117,0.1661424418980615,0.18557366450217744,0.9203755881153709,1.0989525720812454,-0.3324453267875639,0.49975869266536055,66.0,14.340571088637716,0.2878787878787879,1.897790184055206,0.012198153891066061,11.106060606060606,0.4402141582391434,8.959866927667829,0.007167893542134263,0.01796435322233772
LINK,5.286789869952088,0.5461606051004824,0.08591952176159268,0.19923023007530946,0.5126700312796428,0.6257456362143285,-0.39356007686439143,0.21831361159937437,80.0,15.13205592957017,0.325,1.6512498457558513,0.006912105688562644,12.375,0.5152770585189022,10.82563495226956,0.008660507961815651,0.02792195635523818
LTC,5.308692676249144,-0.24306862878010937,-0.05110569898445205,0.20189490617615077,-0.15904767531644365,-0.17225989105497153,-0.4876050790313837,-0.10480961167585118,102.0,19.213769984528106,0.2647058823529412,0.8941636160391,-0.0015648078929877672,9.696078431372548,0.5110881897885508,17.074088586392644,0.013659270869114117,0.04119859702996232
