squeeze_bars,stop_atr,target_atr,median_sharpe,min_sharpe,positive,median_cagr,worst_dd,trades_per_year,cost_drag,median_trades,killed,spec_hash
60,1.5,3.0,-0.06973848325243086,-1.3884788231683678,0.5,-0.13809192074047272,-0.9693009604846691,188.30519147562603,0.2814153362557119,958.0,0.0,d12922e98f54d26d
60,1.5,4.0,-0.0568542558264061,-1.601403653827807,0.4,-0.12022785465621294,-0.985200167214932,171.59778001245084,0.26106242721442147,877.0,0.0,8ca699b7cd3490fa
60,1.5,6.0,0.0634745307877826,-1.2799163001548601,0.5,-0.12526760423773325,-0.9774270032901098,157.35263993272724,0.24438595599144916,811.0,0.0,aa7f65a8ac902f50
60,2.0,3.0,-0.07725488879126675,-1.2293318813903886,0.4,-0.18474853729906732,-0.9678778962254566,176.1704153524466,0.2608191234237818,885.5,0.0,8628d620bee9c3b5
60,2.0,4.0,-0.12197510712888647,-1.539442835406383,0.4,-0.17364697843852467,-0.9889273881715553,159.84320880643506,0.24068870043478352,800.5,0.0,3f8bc75e8f9ebbc9
60,2.0,6.0,0.12057228427244107,-1.2077505673442033,0.6,-0.11041156855798856,-0.982272107471026,144.48379909846176,0.22369719428586998,740.5,0.0,237b4f95235838bf
60,3.0,3.0,0.127452115886317,-1.164247809113349,0.6,-0.09710978082846938,-0.9803950055247639,159.32887367389696,0.2332904572909945,795.0,0.0,9ef7c66f5db05288
60,3.0,4.0,0.08160539191038427,-1.5173445900118783,0.6,-0.09824599617984564,-0.9946030959794315,143.61495227286406,0.21373959799079478,713.0,0.0,ac2207de18af8163
60,3.0,6.0,0.12749915693247013,-1.2535232449155247,0.6,-0.1293335499467928,-0.9916020511539375,128.7742407091065,0.19762268443269426,656.5,0.0,0700295e4ebb5e1b
125,1.5,3.0,-0.21653613326679685,-1.130789924221332,0.4,-0.07852126328998227,-0.8506309390719065,109.81709080774343,0.16379689555845667,566.0,0.0,9177f50a996a99e6
125,1.5,4.0,-0.23038505865074377,-1.4511126957114675,0.4,-0.092419240553477,-0.9229846863723105,100.20235968481524,0.15240783604923966,525.0,0.0,64c8c00888bcd800
125,1.5,6.0,0.06262079194841465,-1.2287447065716384,0.6,-0.0535348013398152,-0.9125088387435325,92.97970654096585,0.14449125816574462,487.0,0.0,08ff9cbc2d35d034
125,2.0,3.0,-0.15317302195038163,-1.1701149885081585,0.5,-0.0899670789107701,-0.8877434075044657,103.46983939654284,0.15259990860245423,522.0,0.0,2f4bdeac7c3a7854
125,2.0,4.0,-0.07830854152936252,-1.6631761502483027,0.5,-0.06558331984596316,-0.9581664135472981,94.37958674366143,0.14213704681888595,482.5,0.0,d12e35646d4e805c
125,2.0,6.0,0.06627784258912482,-1.3234864375630062,0.5,-0.05207351394087123,-0.942524369054388,86.72755079477389,0.13435521437924258,447.5,0.0,dc771220deec835c
125,3.0,3.0,-0.12135898753118178,-0.8768229151498462,0.5,-0.07501919812421987,-0.8695769210942437,94.49106486437624,0.1374838986074469,470.0,0.0,ae87260780d97d72
125,3.0,4.0,-0.07491919222268967,-1.1820987783191141,0.5,-0.10718350578829317,-0.9392484775980081,85.75690545264555,0.12692884003224236,432.0,0.0,c9c5d8c67f007029
125,3.0,6.0,-0.053381660697024,-1.0869773403243672,0.5,-0.10739432081141376,-0.9411441391539921,77.50633297200632,0.11885221745969828,397.0,0.0,205f8649ca6a5ac1
250,1.5,3.0,0.10159522952157508,-0.7604534639278173,0.6,0.0010053302041235224,-0.5781643838552063,61.65413897801537,0.09255654643361544,323.5,0.0,6bd4a0dec244bb66
250,1.5,4.0,0.10375710952084165,-0.7818264634351366,0.7,-0.0051296615290842285,-0.6487751396950204,57.12791838991197,0.08689081738624654,296.0,0.0,e49a27f23ecc28f6
250,1.5,6.0,0.14080031160936807,-0.6204254380560738,0.7,0.0020600795818401796,-0.6520757094223366,53.36776292601067,0.08193681855810211,267.5,0.0,5cbc1ede74be0c9f
250,2.0,3.0,0.1933674073133149,-0.7795124140133758,0.8,0.017396602968149932,-0.6186640559450307,58.19860170977965,0.08581807372801234,298.0,0.0,0a4e43338d2c6250
250,2.0,4.0,0.2102468779512477,-0.881358584534807,0.7,0.023399017797465615,-0.734025509453982,53.577629884893604,0.08110817760571207,272.0,0.0,d5234e0614d121d4
250,2.0,6.0,0.29526207061660176,-0.7117873782144852,0.8,0.04686387136644499,-0.7418186716808033,49.947889589129346,0.07649975362099229,246.5,0.0,793cdc6b2afa47f3
250,3.0,3.0,0.09731335211713327,-0.8025833468665706,0.6,-0.005811302018558673,-0.6525801508310505,53.333433613650485,0.07774827859266381,272.0,0.0,c78089164bc7c348
250,3.0,4.0,0.15796503824075778,-0.9798226586149043,0.6,0.00555399710568899,-0.7284289206633878,48.658141923018476,0.07296048899804784,250.5,0.0,6ddd7f1e504f72dd
250,3.0,6.0,0.07272834647364673,-0.7979074753522218,0.6,-0.025654660954005315,-0.7993810614405811,44.95681003776716,0.06873117411186593,226.0,0.0,c1f411bc733e5faf
