,sharpe,total_return,max_drawdown,trades,exposure
BTC,-0.0891276045745758,-0.06379145767218308,-0.19312594132815963,18.0,0.026188166828322017
ETH,0.44059432612942906,0.224343845089495,-0.09355633462428103,15.0,0.022704339051463168
SOL,-0.24564754081933873,-0.21837886685220187,-0.4220156210212056,9.0,0.015976331360946745
BNB,-0.22860618246185713,-0.14978611431519528,-0.3419888465581067,11.0,0.0173046670162559
XRP,-0.1182726100539131,-0.1516789139893302,-0.23599740237824773,13.0,0.02008238928939238
DOGE,-0.23056051894439486,-0.2959193091691601,-0.4248930649789803,13.0,0.022209567198177675
ADA,-0.6869840527032817,-0.578280237977641,-0.6218969379544663,18.0,0.02764736567553469
AVAX,-0.08295508044278647,-0.1111854233558569,-0.2409890662714964,10.0,0.01784651992861392
LINK,-0.3306441579137496,-0.28130070402038565,-0.3896754214734408,11.0,0.017089590885551526
LTC,-0.216405102264274,-0.20892305691667423,-0.2901247339406986,17.0,0.025786487880350695
