quantile,funding_days,hold_bars,median_sharpe,min_sharpe,positive,median_cagr,worst_dd,trades_per_year,cost_drag,median_trades,killed,spec_hash
0.7,3,3,-0.5595828266817986,-1.118098392775965,0.1,-0.1932165549707588,-0.9023341841644836,10.206780457992924,0.01633084873278868,48.5,0.0,ddddc7712dc9553f
0.7,3,7,-0.3655998508128211,-1.2299158366741245,0.0,-0.2554707604726542,-0.9918156213685575,8.383089329827268,0.013412942927723628,42.0,0.0,eeec093a901c4619
0.7,3,14,-0.5127093940380948,-1.2834827591365174,0.0,-0.3198562937282189,-0.9950858403552346,7.76052349329685,0.012416837589274959,39.0,0.0,6a124413f690fdf1
0.7,7,3,-0.1966131692735373,-0.6599205183860435,0.1,-0.05380243339396418,-0.6546299856441608,4.76867384741648,0.007629878155866368,24.5,0.0,e29db99e06e2277f
0.7,7,7,-0.35834158931903215,-0.840556895531796,0.1,-0.15053848003527331,-0.8844833443689679,4.680106922101252,0.007488171075362002,24.0,0.0,99b6912da1a0d691
0.7,7,14,-0.3481169042830703,-0.8331302975188426,0.1,-0.1776035706370126,-0.8815360013309578,4.008712894550651,0.006413940631281043,20.5,0.0,f1e586fe35f4f6fa
0.7,14,3,-0.2606231334043725,-0.886417296972256,0.2,-0.07656195097113982,-0.5677069576930105,3.243888771405871,0.005190222034249393,16.5,0.0,382388bd73815a3d
0.7,14,7,-0.4678157642860067,-0.7488031786930759,0.1,-0.13969248693838032,-0.7260211723388353,2.9240331567713413,0.004678453050834147,15.5,0.0,0fbb6dbb2f078da1
0.7,14,14,-0.29586385988163144,-1.0559404766554599,0.0,-0.15333886165248783,-0.918485003319135,2.746501774384776,0.004394402839015642,14.0,0.0,049dc0d64ab7ce87
0.8,3,3,-0.5418890598689006,-1.0649588805767771,0.1,-0.1730483797483125,-0.8723249716211813,7.8280833209759795,0.012524933313561568,40.5,0.0,9d38967a8254e8a2
0.8,3,7,-0.5304864960483594,-0.9484240980306379,0.2,-0.22837282759361188,-0.9663301994907013,6.6156274508222275,0.010585003921315565,36.0,0.0,fbfd7a6983eb5b13
0.8,3,14,-0.5164216163137482,-1.0983119441452043,0.0,-0.25407030226731253,-0.9543119195558446,5.567343078935961,0.008907748926297539,29.5,0.0,6a9a44c5f9f2a471
0.8,7,3,-0.4285045685279055,-1.0234406652765105,0.1,-0.073619255153345,-0.9577655686538373,4.421686131141838,0.007074697809826941,24.0,0.0,12045ee800af2c36
0.8,7,7,-0.5635617981374481,-1.0109904761620723,0.1,-0.19150620663368573,-0.9541351866966259,4.336475643426008,0.006938361029481612,22.5,0.0,88f71d30a48265b0
0.8,7,14,-0.5528888215453062,-1.0527832806437978,0.0,-0.22632408196593234,-0.9510160773095754,3.8068189995864126,0.006090910399338261,20.0,0.0,e6fd66df152f570a
0.8,14,3,-0.22250564236306558,-0.6869840527032817,0.1,-0.03689372940755892,-0.6218969379544663,2.574522851180827,0.004119236561889323,13.0,0.0,819d200fcd262ed0
0.8,14,7,-0.37330327257606555,-1.0961027716429712,0.0,-0.11170024820841223,-0.9175709843592357,2.326318885936352,0.0037221102174981634,12.5,0.0,5d71d80260e56fc6
0.8,14,14,-0.43325347018257243,-1.2370826534429549,0.0,-0.1940009946266682,-0.9254897624190281,2.2716682864091515,0.0036346692582546435,12.0,0.0,143c360601d576cc
0.9,3,3,-0.6276085615762803,-1.0081111868153982,0.0,-0.1850023734768269,-0.8446206412367824,5.714376276156772,0.009143002041850836,30.0,0.0,51e00a5c301422d4
0.9,3,7,-0.6006089281707435,-1.2257175079743476,0.3,-0.1862486416886548,-0.9711777014626697,4.986563823069133,0.007978502116910612,26.0,0.0,39463a6c7e7a947a
0.9,3,14,-0.5124361602673521,-1.156400792955142,0.1,-0.24023731585918429,-0.9575896761638455,4.244867055194128,0.006791787288310605,22.0,0.0,9f50236fd11e9edc
0.9,7,3,-0.17228296030786347,-0.843956914156796,0.3,-0.03719859768094774,-0.9401938042356972,3.358604433821795,0.005373767094114872,16.5,0.0,0dd93a8e9f708c7d
0.9,7,7,-0.34201352981225486,-0.6995411776578393,0.2,-0.11500559250698944,-0.926211921232479,3.118461306691317,0.0049895380907061075,16.0,0.0,f7cc72edfe1332bf
0.9,7,14,-0.4984678906495891,-0.6642993347852798,0.2,-0.17364924831647655,-0.9098516824744655,3.018843323315892,0.004830149317305427,15.5,0.0,74591c46c0db83d7
0.9,14,3,-0.2965213915960859,-0.8343412334846417,0.1,-0.04499689887421843,-0.8988096657969997,2.2406055065240187,0.003584968810438431,12.0,0.0,a5162eca09bd3b0f
0.9,14,7,-0.40509602331600025,-1.04014833955041,0.0,-0.10762145039240423,-0.8995615681206989,2.197707298500498,0.003516331677600797,12.0,0.0,0c02cb41bbe93fd5
0.9,14,14,-0.4893883868988256,-1.2252891670882686,0.0,-0.15457518893079375,-0.9292939313088853,2.0988397205955254,0.0033581435529528407,11.5,0.0,42ded119ff5c5094
