k,hold_bars,median_sharpe,min_sharpe,positive,median_cagr,worst_dd,trades_per_year,cost_drag,median_trades,killed,spec_hash
0.5,4,-1.0886066581042726,-1.4645916056757315,0.0,-0.3247153298761817,-0.9707373830755518,147.24272123716386,0.23558835397946218,755.5,0.0,bd0da24a028cd7f6
0.5,6,-0.9418471931615973,-1.3660693132643789,0.0,-0.34183093083221344,-0.9804101388609718,147.24272123716386,0.23558835397946218,755.5,0.0,ad6c39c2ec6e3827
0.5,8,-0.6626633729376872,-0.9731054270816639,0.0,-0.34083759115636986,-0.9684422351740138,147.24272123716386,0.23558835397946218,755.5,0.0,39ffdbb06d7bdce5
1.0,4,-0.7034740086029734,-1.4828902905921617,0.0,-0.19304252269246647,-0.9259491508663089,76.64705056259707,0.12263528090015532,378.5,0.0,85acc8d76a57504a
1.0,6,-0.799077931699755,-1.4125193845239141,0.1,-0.20518914002647765,-0.9594980655529742,76.64705056259707,0.12263528090015532,378.5,0.0,8e2081342a99d268
1.0,8,-0.5901736518911391,-0.9508939084715803,0.2,-0.19154642581497672,-0.9271475180740218,76.64705056259707,0.12263528090015532,378.5,0.0,bbb1b7d394197904
1.5,4,-0.7229976524395265,-1.607855958879859,0.1,-0.15172802636494015,-0.8802300061775465,38.35046036512131,0.061360736584194095,195.5,0.0,2ce28521d5b96a05
1.5,6,-0.7162986771205995,-1.3481494186469298,0.1,-0.17316511342563234,-0.8892548821383661,38.35046036512131,0.061360736584194095,195.5,0.0,37a8033c7a2ef5f2
1.5,8,-0.458297839297242,-0.9588330368430616,0.2,-0.13798663401369832,-0.8507115049813442,38.35046036512131,0.061360736584194095,195.5,0.0,d505f704fd3b7234
